档距,初应力,高差,绝缘子串长度,绝缘子串夹角,冰厚,脱冰率,串型,导线型号,跳跃高度
0.4,0.421182266,0,0,0,0.035714286,1,A,400/50,0.027558144
0.4,0.421182266,0,0,0,0.142857143,1,A,400/50,0.096289202
0.4,0.421182266,0,0,0,0.25,1,A,400/50,0.179214021
0.4,0.421182266,0,0,0,0.357142857,1,A,400/50,0.274754031
0.4,0.421182266,0,0,0,0.464285714,1,A,400/50,0.38063434
0.4,0.421182266,0,0,0,0.571428571,1,A,400/50,0.49365693
0.4,0.421182266,0,0,0,0.678571429,1,A,400/50,0.614250638
0.4,0.421182266,0,0,0,0.785714286,1,A,400/50,0.73789064
0.4,0.421182266,0,0,0,0.892857143,1,A,400/50,0.844229859
0.4,0.421182266,0,0,0,1,1,A,400/50,0.906610869
0.4,0.421182266,0,0,0,0.142857143,0.333333333,A,400/50,0.070565123
0.4,0.421182266,0,0,0,0.25,0.333333333,A,400/50,0.134501511
0.4,0.421182266,0,0,0,0.357142857,0.333333333,A,400/50,0.205998996
0.4,0.421182266,0,0,0,0.464285714,0.333333333,A,400/50,0.28624347
0.4,0.421182266,0,0,0,0.571428571,0.333333333,A,400/50,0.369739224
0.4,0.421182266,0,0,0,0.678571429,0.333333333,A,400/50,0.449503366
0.4,0.421182266,0,0,0,0.785714286,0.333333333,A,400/50,0.518048894
0.4,0.421182266,0,0,0,0.892857143,0.333333333,A,400/50,0.568875806
0.4,0.421182266,0,0,0,1,0.333333333,A,400/50,0.59332398
0.4,0.421182266,0,0,0,0.035714286,0.666666667,A,400/50,0.022045926
0.4,0.421182266,0,0,0,0.142857143,0.666666667,A,400/50,0.083398272
0.4,0.421182266,0,0,0,0.25,0.666666667,A,400/50,0.156811777
0.4,0.421182266,0,0,0,0.357142857,0.666666667,A,400/50,0.240288073
0.4,0.421182266,0,0,0,0.464285714,0.666666667,A,400/50,0.330852209
0.4,0.421182266,0,0,0,0.571428571,0.666666667,A,400/50,0.431590965
0.4,0.421182266,0,0,0,0.678571429,0.666666667,A,400/50,0.532959419
0.4,0.421182266,0,0,0,0.785714286,0.666666667,A,400/50,0.625605844
0.4,0.421182266,0,0,0,0.892857143,0.666666667,A,400/50,0.697212602
0.4,0.421182266,0,0,0,1,0.666666667,A,400/50,0.734678275
0.4,0.421182266,0,0,0,0.035714286,0,A,400/50,0.011079663
0.4,0.421182266,0,0,0,0.142857143,0,A,400/50,0.057830045
0.4,0.421182266,0,0,0,0.25,0,A,400/50,0.112474256
0.4,0.421182266,0,0,0,0.357142857,0,A,400/50,0.173985009
0.4,0.421182266,0,0,0,0.464285714,0,A,400/50,0.241404196
0.4,0.421182266,0,0,0,0.571428571,0,A,400/50,0.30852347
0.4,0.421182266,0,0,0,0.678571429,0,A,400/50,0.370018303
0.4,0.421182266,0,0,0,0.785714286,0,A,400/50,0.423071957
0.4,0.421182266,0,0,0,0.892857143,0,A,400/50,0.460011505
0.4,0.421182266,0,0,0,1,0,A,400/50,0.475234324
0.4,0.236453202,0,0,0,0,0.1,A,400/50,0.000609455
0.4,0.236453202,0,0,0,0.107142857,0.1,A,400/50,0.049087969
0.4,0.236453202,0,0,0,0.214285714,0.1,A,400/50,0.106272789
0.4,0.236453202,0,0,0,0.321428571,0.1,A,400/50,0.171791089
0.4,0.236453202,0,0,0,0.428571429,0.1,A,400/50,0.243181855
0.4,0.236453202,0,0,0,0.535714286,0.1,A,400/50,0.314717272
0.4,0.236453202,0,0,0,0.642857143,0.1,A,400/50,0.380634537
0.4,0.236453202,0,0,0,0.75,0.1,A,400/50,0.437452819
0.4,0.236453202,0,0,0,0.857142857,0.1,A,400/50,0.476004545
0.4,0.236453202,0,0,0,0.964285714,0.1,A,400/50,0.491230508
0.4,0.236453202,0,0,0,0,0.4,A,400/50,0.00397669
0.4,0.236453202,0,0,0,0.107142857,0.4,A,400/50,0.058920225
0.4,0.236453202,0,0,0,0.214285714,0.4,A,400/50,0.12445975
0.4,0.236453202,0,0,0,0.321428571,0.4,A,400/50,0.198760021
0.4,0.236453202,0,0,0,0.428571429,0.4,A,400/50,0.282574358
0.4,0.236453202,0,0,0,0.535714286,0.4,A,400/50,0.369074345
0.4,0.236453202,0,0,0,0.642857143,0.4,A,400/50,0.451754282
0.4,0.236453202,0,0,0,0.75,0.4,A,400/50,0.522596912
0.4,0.236453202,0,0,0,0.857142857,0.4,A,400/50,0.573911427
0.4,0.236453202,0,0,0,0.964285714,0.4,A,400/50,0.598088382
0.4,0.236453202,0,0,0,0,0.7,A,400/50,0.007355717
0.4,0.236453202,0,0,0,0.107142857,0.7,A,400/50,0.068838955
0.4,0.236453202,0,0,0,0.214285714,0.7,A,400/50,0.142921466
0.4,0.236453202,0,0,0,0.321428571,0.7,A,400/50,0.227503272
0.4,0.236453202,0,0,0,0.428571429,0.7,A,400/50,0.321984155
0.4,0.236453202,0,0,0,0.535714286,0.7,A,400/50,0.424521599
0.4,0.236453202,0,0,0,0.642857143,0.7,A,400/50,0.526712159
0.4,0.236453202,0,0,0,0.75,0.7,A,400/50,0.619023689
0.4,0.236453202,0,0,0,0.857142857,0.7,A,400/50,0.68855032
0.4,0.236453202,0,0,0,0.964285714,0.7,A,400/50,0.722424708
0.4,0.236453202,0,0,0,0,0.266666667,A,400/50,0.002430352
0.4,0.236453202,0,0,0,0.107142857,0.266666667,A,400/50,0.054426451
0.4,0.236453202,0,0,0,0.214285714,0.266666667,A,400/50,0.116170688
0.4,0.236453202,0,0,0,0.321428571,0.266666667,A,400/50,0.186771776
0.4,0.236453202,0,0,0,0.428571429,0.266666667,A,400/50,0.265009627
0.4,0.236453202,0,0,0,0.535714286,0.266666667,A,400/50,0.344689849
0.4,0.236453202,0,0,0,0.642857143,0.266666667,A,400/50,0.419571668
0.4,0.236453202,0,0,0,0.75,0.266666667,A,400/50,0.483414309
0.4,0.236453202,0,0,0,0.857142857,0.266666667,A,400/50,0.529004741
0.4,0.236453202,0,0,0,0.964285714,0.266666667,A,400/50,0.548740201
0.4,0,0,0,0,0.071428571,0.6,A,400/50,0.056364679
0.4,0,0,0,0,0.142857143,0.6,A,400/50,0.102570462
0.4,0,0,0,0,0.214285714,0.6,A,400/50,0.153775311
0.4,0,0,0,0,0.285714286,0.6,A,400/50,0.210543083
0.4,0,0,0,0,0.357142857,0.6,A,400/50,0.27108826
0.4,0,0,0,0,0.428571429,0.6,A,400/50,0.334090517
0.4,0,0,0,0,0.5,0.6,A,400/50,0.397901517
0.4,0,0,0,0,0.571428571,0.6,A,400/50,0.46051267
0.4,0,0,0,0,0.642857143,0.6,A,400/50,0.519554353
0.4,0,0,0,0,0.714285714,0.6,A,400/50,0.572355852
0.4,0,0,0,0,0.071428571,0.4,A,400/50,0.043505784
0.4,0,0,0,0,0.142857143,0.4,A,400/50,0.083527985
0.4,0,0,0,0,0.214285714,0.4,A,400/50,0.127903044
0.4,0,0,0,0,0.285714286,0.4,A,400/50,0.175858971
0.4,0,0,0,0,0.357142857,0.4,A,400/50,0.228701939
0.4,0,0,0,0,0.428571429,0.4,A,400/50,0.284521234
0.4,0,0,0,0,0.5,0.4,A,400/50,0.341598746
0.4,0,0,0,0,0.571428571,0.4,A,400/50,0.398261765
0.4,0,0,0,0,0.642857143,0.4,A,400/50,0.45258307
0.4,0,0,0,0,0.714285714,0.4,A,400/50,0.502454624
0.4,0,0,0,0,0.071428571,0.7,A,400/50,0.044518726
0.4,0,0,0,0,0.142857143,0.7,A,400/50,0.08687026
0.4,0,0,0,0,0.214285714,0.7,A,400/50,0.13461275
0.4,0,0,0,0,0.285714286,0.7,A,400/50,0.187208477
0.4,0,0,0,0,0.357142857,0.7,A,400/50,0.243944804
0.4,0,0,0,0,0.428571429,0.7,A,400/50,0.303941255
0.4,0,0,0,0,0.5,0.7,A,400/50,0.36628453
0.4,0,0,0,0,0.571428571,0.7,A,400/50,0.434252836
0.4,0,0,0,0,0.642857143,0.7,A,400/50,0.502984286
0.4,0,0,0,0,0.714285714,0.7,A,400/50,0.57038775
0.4,0,0,0,0,0.071428571,0.266666667,A,400/50,0.029725926
0.4,0,0,0,0,0.142857143,0.266666667,A,400/50,0.063554128
0.4,0,0,0,0,0.214285714,0.266666667,A,400/50,0.101714749
0.4,0,0,0,0,0.285714286,0.266666667,A,400/50,0.143666334
0.4,0,0,0,0,0.357142857,0.266666667,A,400/50,0.188673449
0.4,0,0,0,0,0.428571429,0.266666667,A,400/50,0.235829283
0.4,0,0,0,0,0.5,0.266666667,A,400/50,0.28732461
0.4,0,0,0,0,0.571428571,0.266666667,A,400/50,0.340364113
0.4,0,0,0,0,0.642857143,0.266666667,A,400/50,0.392900879
0.4,0,0,0,0,0.714285714,0.266666667,A,400/50,0.443197932
0.4,0.199507389,0,0,0,0.035714286,0.6,A,400/50,0.025395473
0.4,0.199507389,0,0,0,0.142857143,0.6,A,400/50,0.08960308
0.4,0.199507389,0,0,0,0.25,0.6,A,400/50,0.165026942
0.4,0.199507389,0,0,0,0.357142857,0.6,A,400/50,0.250165139
0.4,0.199507389,0,0,0,0.464285714,0.6,A,400/50,0.345011184
0.4,0.199507389,0,0,0,0.571428571,0.6,A,400/50,0.442190886
0.4,0.199507389,0,0,0,0.678571429,0.6,A,400/50,0.533973933
0.4,0.199507389,0,0,0,0.785714286,0.6,A,400/50,0.610244271
0.4,0.199507389,0,0,0,0.892857143,0.6,A,400/50,0.659655737
0.4,0.199507389,0,0,0,1,0.6,A,400/50,0.674670425
0.4,0.199507389,0,0,0,0.035714286,0.4,A,400/50,0.015593287
0.4,0.199507389,0,0,0,0.142857143,0.4,A,400/50,0.069956454
0.4,0.199507389,0,0,0,0.25,0.4,A,400/50,0.134762313
0.4,0.199507389,0,0,0,0.357142857,0.4,A,400/50,0.207866079
0.4,0.199507389,0,0,0,0.464285714,0.4,A,400/50,0.288533693
0.4,0.199507389,0,0,0,0.571428571,0.4,A,400/50,0.375478243
0.4,0.199507389,0,0,0,0.678571429,0.4,A,400/50,0.460344042
0.4,0.199507389,0,0,0,0.785714286,0.4,A,400/50,0.535450697
0.4,0.199507389,0,0,0,0.892857143,0.4,A,400/50,0.592280378
0.4,0.199507389,0,0,0,1,0.4,A,400/50,0.623933527
0.4,0.199507389,0,0,0,0.035714286,0.7,A,400/50,0.015170147
0.4,0.199507389,0,0,0,0.142857143,0.7,A,400/50,0.070975291
0.4,0.199507389,0,0,0,0.25,0.7,A,400/50,0.13912264
0.4,0.199507389,0,0,0,0.357142857,0.7,A,400/50,0.218359675
0.4,0.199507389,0,0,0,0.464285714,0.7,A,400/50,0.306621993
0.4,0.199507389,0,0,0,0.571428571,0.7,A,400/50,0.400965302
0.4,0.199507389,0,0,0,0.678571429,0.7,A,400/50,0.501006554
0.4,0.199507389,0,0,0,0.785714286,0.7,A,400/50,0.605264859
0.4,0.199507389,0,0,0,0.892857143,0.7,A,400/50,0.699172843
0.4,0.199507389,0,0,0,1,0.7,A,400/50,0.768219339
0.4,0.199507389,0,0,0,0.035714286,0.266666667,A,400/50,0.011073374
0.4,0.199507389,0,0,0,0.142857143,0.266666667,A,400/50,0.062659894
0.4,0.199507389,0,0,0,0.25,0.266666667,A,400/50,0.115887284
0.4,0.199507389,0,0,0,0.357142857,0.266666667,A,400/50,0.201551605
0.4,0.199507389,0,0,0,0.464285714,0.266666667,A,400/50,0.357376186
0.4,0.199507389,0,0,0,0.571428571,0.266666667,A,400/50,0.460616637
0.4,0.199507389,0,0,0,0.678571429,0.266666667,A,400/50,0.560295675
0.4,0.199507389,0,0,0,0.785714286,0.266666667,A,400/50,0.645731229
0.4,0.199507389,0,0,0,0.892857143,0.266666667,A,400/50,0.703330345
0.4,0.199507389,0,0,0,1,0.266666667,A,400/50,0.721725436
0.4,0.346469622,0,0,0,0.035714286,0.133333333,A,400/50,0.014486402
0.4,0.346469622,0,0,0,0.142857143,0.133333333,A,400/50,0.065247081
0.4,0.346469622,0,0,0,0.25,0.133333333,A,400/50,0.124502987
0.4,0.346469622,0,0,0,0.357142857,0.133333333,A,400/50,0.191480559
0.4,0.346469622,0,0,0,0.464285714,0.133333333,A,400/50,0.264642107
0.4,0.346469622,0,0,0,0.571428571,0.133333333,A,400/50,0.337624021
0.4,0.346469622,0,0,0,0.678571429,0.133333333,A,400/50,0.404533395
0.4,0.346469622,0,0,0,0.785714286,0.133333333,A,400/50,0.461344209
0.4,0.346469622,0,0,0,0.892857143,0.133333333,A,400/50,0.499553964
0.4,0.346469622,0,0,0,1,0.133333333,A,400/50,0.513843634
0.4,0.346469622,0,0,0,0.035714286,0.5,A,400/50,0.02071106
0.4,0.346469622,0,0,0,0.142857143,0.5,A,400/50,0.079760998
0.4,0.346469622,0,0,0,0.25,0.5,A,400/50,0.149662225
0.4,0.346469622,0,0,0,0.357142857,0.5,A,400/50,0.228025269
0.4,0.346469622,0,0,0,0.464285714,0.5,A,400/50,0.315865429
0.4,0.346469622,0,0,0,0.571428571,0.5,A,400/50,0.408014031
0.4,0.346469622,0,0,0,0.678571429,0.5,A,400/50,0.496771421
0.4,0.346469622,0,0,0,0.785714286,0.5,A,400/50,0.57330885
0.4,0.346469622,0,0,0,0.892857143,0.5,A,400/50,0.628084937
0.4,0.346469622,0,0,0,1,0.5,A,400/50,0.653056287
0.4,0.346469622,0,0,0,0.035714286,0.866666667,A,400/50,0.026966181
0.4,0.346469622,0,0,0,0.142857143,0.866666667,A,400/50,0.094405217
0.4,0.346469622,0,0,0,0.25,0.866666667,A,400/50,0.17516422
0.4,0.346469622,0,0,0,0.357142857,0.866666667,A,400/50,0.267317342
0.4,0.346469622,0,0,0,0.464285714,0.866666667,A,400/50,0.368041357
0.4,0.346469622,0,0,0,0.571428571,0.866666667,A,400/50,0.47811258
0.4,0.346469622,0,0,0,0.678571429,0.866666667,A,400/50,0.592743219
0.4,0.346469622,0,0,0,0.785714286,0.866666667,A,400/50,0.700010868
0.4,0.346469622,0,0,0,0.892857143,0.866666667,A,400/50,0.783674659
0.4,0.346469622,0,0,0,1,0.866666667,A,400/50,0.822983634
0.4,0.346469622,0,0,0,0.035714286,0.3,A,400/50,0.017311593
0.4,0.346469622,0,0,0,0.142857143,0.3,A,400/50,0.071824912
0.4,0.346469622,0,0,0,0.25,0.3,A,400/50,0.13588217
0.4,0.346469622,0,0,0,0.357142857,0.3,A,400/50,0.207690967
0.4,0.346469622,0,0,0,0.464285714,0.3,A,400/50,0.287916966
0.4,0.346469622,0,0,0,0.571428571,0.3,A,400/50,0.369360697
0.4,0.346469622,0,0,0,0.678571429,0.3,A,400/50,0.445630643
0.4,0.346469622,0,0,0,0.785714286,0.3,A,400/50,0.509458937
0.4,0.346469622,0,0,0,0.892857143,0.3,A,400/50,0.555013992
0.4,0.346469622,0,0,0,1,0.3,A,400/50,0.574072979
0.4,0.421182266,0,0,0,0.035714286,1,A,400/50,0.028119252
0.4,0.421182266,0,0,0,0.142857143,1,A,400/50,0.096808251
0.4,0.421182266,0,0,0,0.25,1,A,400/50,0.179695925
0.4,0.421182266,0,0,0,0.357142857,1,A,400/50,0.275210386
0.4,0.421182266,0,0,0,0.464285714,1,A,400/50,0.381082833
0.4,0.421182266,0,0,0,0.571428571,1,A,400/50,0.494120752
0.4,0.421182266,0,0,0,0.678571429,1,A,400/50,0.614736866
0.4,0.421182266,0,0,0,0.785714286,1,A,400/50,0.738493217
0.4,0.421182266,0,0,0,0.892857143,1,A,400/50,0.845152394
0.4,0.421182266,0,0,0,1,1,A,400/50,0.908049702
0.4,0.421182266,0,0,0,0.035714286,0.333333333,A,400/50,0.017106804
0.4,0.421182266,0,0,0,0.142857143,0.333333333,A,400/50,0.071074345
0.4,0.421182266,0,0,0,0.25,0.333333333,A,400/50,0.134972016
0.4,0.421182266,0,0,0,0.357142857,0.333333333,A,400/50,0.206442183
0.4,0.421182266,0,0,0,0.464285714,0.333333333,A,400/50,0.286677027
0.4,0.421182266,0,0,0,0.571428571,0.333333333,A,400/50,0.370193809
0.4,0.421182266,0,0,0,0.678571429,0.333333333,A,400/50,0.45000001
0.4,0.421182266,0,0,0,0.785714286,0.333333333,A,400/50,0.518609805
0.4,0.421182266,0,0,0,0.892857143,0.333333333,A,400/50,0.569676686
0.4,0.421182266,0,0,0,1,0.333333333,A,400/50,0.594047229
0.4,0.421182266,0,0,0,0.035714286,0.666666667,A,400/50,0.022604085
0.4,0.421182266,0,0,0,0.142857143,0.666666667,A,400/50,0.083912997
0.4,0.421182266,0,0,0,0.25,0.666666667,A,400/50,0.157289554
0.4,0.421182266,0,0,0,0.357142857,0.666666667,A,400/50,0.240741086
0.4,0.421182266,0,0,0,0.464285714,0.666666667,A,400/50,0.331296772
0.4,0.421182266,0,0,0,0.571428571,0.666666667,A,400/50,0.432037296
0.4,0.421182266,0,0,0,0.678571429,0.666666667,A,400/50,0.533468248
0.4,0.421182266,0,0,0,0.785714286,0.666666667,A,400/50,0.626231022
0.4,0.421182266,0,0,0,0.892857143,0.666666667,A,400/50,0.698028419
0.4,0.421182266,0,0,0,1,0.666666667,A,400/50,0.735693575
0.4,0.421182266,0,0,0,0.035714286,0,A,400/50,0.011631141
0.4,0.421182266,0,0,0,0.142857143,0,A,400/50,0.058332978
0.4,0.421182266,0,0,0,0.25,0,A,400/50,0.112935131
0.4,0.421182266,0,0,0,0.357142857,0,A,400/50,0.1744223
0.4,0.421182266,0,0,0,0.464285714,0,A,400/50,0.241837949
0.4,0.421182266,0,0,0,0.571428571,0,A,400/50,0.308965477
0.4,0.421182266,0,0,0,0.678571429,0,A,400/50,0.370478195
0.4,0.421182266,0,0,0,0.785714286,0,A,400/50,0.423635423
0.4,0.421182266,0,0,0,0.892857143,0,A,400/50,0.460651816
0.4,0.421182266,0,0,0,1,0,A,400/50,0.475936347
0.4,0.421182266,0,0,0,0,0.1,A,400/50,0.001226968
0.4,0.421182266,0,0,0,0.107142857,0.1,A,400/50,0.049650846
0.4,0.421182266,0,0,0,0.214285714,0.1,A,400/50,0.106788891
0.4,0.421182266,0,0,0,0.321428571,0.1,A,400/50,0.172286554
0.4,0.421182266,0,0,0,0.428571429,0.1,A,400/50,0.243673782
0.4,0.421182266,0,0,0,0.535714286,0.1,A,400/50,0.315220401
0.4,0.421182266,0,0,0,0.642857143,0.1,A,400/50,0.381161841
0.4,0.421182266,0,0,0,0.75,0.1,A,400/50,0.438113963
0.4,0.421182266,0,0,0,0.857142857,0.1,A,400/50,0.476767887
0.4,0.421182266,0,0,0,0.964285714,0.1,A,400/50,0.491846449
0.4,0.421182266,0,0,0,0,0.4,A,400/50,0.021670544
0.4,0.421182266,0,0,0,0.107142857,0.4,A,400/50,0.080325839
0.4,0.421182266,0,0,0,0.214285714,0.4,A,400/50,0.148906548
0.4,0.421182266,0,0,0,0.321428571,0.4,A,400/50,0.226732068
0.4,0.421182266,0,0,0,0.428571429,0.4,A,400/50,0.312074858
0.4,0.421182266,0,0,0,0.535714286,0.4,A,400/50,0.398127335
0.4,0.421182266,0,0,0,0.642857143,0.4,A,400/50,0.477812471
0.4,0.421182266,0,0,0,0.75,0.4,A,400/50,0.543121853
0.4,0.421182266,0,0,0,0.857142857,0.4,A,400/50,0.585417375
0.4,0.421182266,0,0,0,0.964285714,0.4,A,400/50,0.60078445
0.4,0.421182266,0,0,0,0,0.7,A,400/50,0.007978537
0.4,0.421182266,0,0,0,0.107142857,0.7,A,400/50,0.069414017
0.4,0.421182266,0,0,0,0.214285714,0.7,A,400/50,0.143456041
0.4,0.421182266,0,0,0,0.321428571,0.7,A,400/50,0.228011511
0.4,0.421182266,0,0,0,0.428571429,0.7,A,400/50,0.322471365
0.4,0.421182266,0,0,0,0.535714286,0.7,A,400/50,0.425040452
0.4,0.421182266,0,0,0,0.642857143,0.7,A,400/50,0.527303926
0.4,0.421182266,0,0,0,0.75,0.7,A,400/50,0.619750672
0.4,0.421182266,0,0,0,0.857142857,0.7,A,400/50,0.689494278
0.4,0.421182266,0,0,0,0.964285714,0.7,A,400/50,0.72362652
0.4,0.421182266,0,0,0,0,0.266666667,A,400/50,0.003097785
0.4,0.421182266,0,0,0,0.107142857,0.266666667,A,400/50,0.055105283
0.4,0.421182266,0,0,0,0.214285714,0.266666667,A,400/50,0.116860526
0.4,0.421182266,0,0,0,0.321428571,0.266666667,A,400/50,0.187266651
0.4,0.421182266,0,0,0,0.428571429,0.266666667,A,400/50,0.265504109
0.4,0.421182266,0,0,0,0.535714286,0.266666667,A,400/50,0.345203199
0.4,0.421182266,0,0,0,0.642857143,0.266666667,A,400/50,0.420123341
0.4,0.421182266,0,0,0,0.75,0.266666667,A,400/50,0.484117118
0.4,0.421182266,0,0,0,0.857142857,0.266666667,A,400/50,0.529865564
0.4,0.421182266,0,0,0,0.964285714,0.266666667,A,400/50,0.549470721
0.4,0.346469622,0,1,0,0.035714286,1,A,400/50,0.029828321
0.4,0.346469622,0,1,0,0.142857143,1,A,400/50,0.10028928
0.4,0.346469622,0,1,0,0.25,1,A,400/50,0.184969746
0.4,0.346469622,0,1,0,0.357142857,1,A,400/50,0.282127633
0.4,0.346469622,0,1,0,0.464285714,1,A,400/50,0.389255547
0.4,0.346469622,0,1,0,0.571428571,1,A,400/50,0.502792272
0.4,0.346469622,0,1,0,0.678571429,1,A,400/50,0.627200922
0.4,0.346469622,0,1,0,0.785714286,1,A,400/50,0.748228187
0.4,0.346469622,0,1,0,0.892857143,1,A,400/50,0.847213261
0.4,0.346469622,0,1,0,1,1,A,400/50,0.897599737
0.4,0.346469622,0,1,0,0.035714286,0.333333333,A,400/50,0.025096739
0.4,0.346469622,0,1,0,0.142857143,0.333333333,A,400/50,0.09014591
0.4,0.346469622,0,1,0,0.25,0.333333333,A,400/50,0.16842916
0.4,0.346469622,0,1,0,0.357142857,0.333333333,A,400/50,0.25829658
0.4,0.346469622,0,1,0,0.464285714,0.333333333,A,400/50,0.361430901
0.4,0.346469622,0,1,0,0.571428571,0.333333333,A,400/50,0.475674366
0.4,0.346469622,0,1,0,0.678571429,0.333333333,A,400/50,0.596266699
0.4,0.346469622,0,1,0,0.785714286,0.333333333,A,400/50,0.718546875
0.4,0.346469622,0,1,0,0.892857143,0.333333333,A,400/50,0.844860147
0.4,0.346469622,0,1,0,1,0.333333333,A,400/50,0.944400432
0.4,0.346469622,0,1,0,0.035714286,0.666666667,A,400/50,0.022604085
0.4,0.346469622,0,1,0,0.142857143,0.666666667,A,400/50,0.083912997
0.4,0.346469622,0,1,0,0.25,0.666666667,A,400/50,0.157289554
0.4,0.346469622,0,1,0,0.357142857,0.666666667,A,400/50,0.240741086
0.4,0.346469622,0,1,0,0.464285714,0.666666667,A,400/50,0.331296772
0.4,0.346469622,0,1,0,0.571428571,0.666666667,A,400/50,0.432037296
0.4,0.346469622,0,1,0,0.678571429,0.666666667,A,400/50,0.533468248
0.4,0.346469622,0,1,0,0.785714286,0.666666667,A,400/50,0.626231022
0.4,0.346469622,0,1,0,0.892857143,0.666666667,A,400/50,0.698028419
0.4,0.346469622,0,1,0,1,0.666666667,A,400/50,0.735693575
0.4,0.346469622,0,1,0,0.035714286,0,A,400/50,0.013467171
0.4,0.346469622,0,1,0,0.142857143,0,A,400/50,0.063029183
0.4,0.346469622,0,1,0,0.25,0,A,400/50,0.121858608
0.4,0.346469622,0,1,0,0.357142857,0,A,400/50,0.191472108
0.4,0.346469622,0,1,0,0.464285714,0,A,400/50,0.267713163
0.4,0.346469622,0,1,0,0.571428571,0,A,400/50,0.346952164
0.4,0.199507389,0,1,0,0.678571429,0,A,400/50,0.432878859
0.4,0.199507389,0,1,0,0.785714286,0,A,400/50,0.516510811
0.4,0.199507389,0,1,0,0.892857143,0,A,400/50,0.591352537
0.4,0.199507389,0,1,0,1,0,A,400/50,0.662409587
0.4,0.199507389,0,1,0,0.035714286,0.666666667,A,400/50,0.032921979
0.4,0.199507389,0,1,0,0.142857143,0.666666667,A,400/50,0.100892053
0.4,0.199507389,0,1,0,0.25,0.666666667,A,400/50,0.18212667
0.4,0.199507389,0,1,0,0.357142857,0.666666667,A,400/50,0.277655478
0.4,0.199507389,0,1,0,0.464285714,0.666666667,A,400/50,0.385723616
0.4,0.199507389,0,1,0,0.571428571,0.666666667,A,400/50,0.502664327
0.4,0.199507389,0,1,0,0.678571429,0.666666667,A,400/50,0.624375141
0.4,0.199507389,0,1,0,0.785714286,0.666666667,A,400/50,0.748797943
0.4,0.199507389,0,1,0,0.892857143,0.666666667,A,400/50,0.880120106
0.4,0.199507389,0,1,0,1,0.666666667,A,400/50,1
0.4,0.199507389,0,1,0,0.035714286,0,A,400/50,0.032921979
0.4,0.199507389,0,1,0,0.142857143,0,A,400/50,0.100892053
0.4,0.199507389,0,1,0,0.25,0,A,400/50,0.18212667
0.4,0.199507389,0,1,0,0.357142857,0,A,400/50,0.277655478
0.4,0.199507389,0,1,0,0.464285714,0,A,400/50,0.385723616
0.4,0.199507389,0,1,0,0.571428571,0,A,400/50,0.502664327
0.4,0.199507389,0,1,0,0.678571429,0,A,400/50,0.624375141
0.4,0.199507389,0,1,0,0.785714286,0,A,400/50,0.748797943
0.4,0.199507389,0,1,0,0.892857143,0,A,400/50,0.880120106
0.4,0.199507389,0,1,0,1,0,A,400/50,1
0.4,0.199507389,0,1,0,0.035714286,0.666666667,A,400/50,0.022604085
0.4,0.199507389,0,1,0,0.142857143,0.666666667,A,400/50,0.083912997
0.4,0.199507389,0,1,0,0.25,0.666666667,A,400/50,0.157289554
0.4,0.199507389,0,1,0,0.357142857,0.666666667,A,400/50,0.240741086
0.4,0.199507389,0,1,0,0.464285714,0.666666667,A,400/50,0.331296772
0.4,0.199507389,0,1,0,0.571428571,0.666666667,A,400/50,0.432037296
0.4,0.199507389,0,1,0,0.678571429,0.666666667,A,400/50,0.533468248
0.4,0.199507389,0,1,0,0.785714286,0.666666667,A,400/50,0.626231022
0.4,0.199507389,0,1,0,0.892857143,0.666666667,A,400/50,0.698028419
0.4,0.199507389,0,1,0,1,0.666666667,A,400/50,0.735693575
0.4,0.199507389,0,1,0,0.035714286,0,A,400/50,0.02046716
0.4,0.199507389,0,1,0,0.142857143,0,A,400/50,0.071976048
0.4,0.199507389,0,1,0,0.25,0,A,400/50,0.134552611
0.4,0.199507389,0,1,0,0.357142857,0,A,400/50,0.206125369
0.4,0.199507389,0,1,0,0.464285714,0,A,400/50,0.283550351
0.4,0.199507389,0,1,0,0.571428571,0,A,400/50,0.36615128
0.4,0.199507389,0,1,0,0.678571429,0,A,400/50,0.452765651
0.4,0.199507389,0,1,0,0.785714286,0,A,400/50,0.533877827
0.4,0.199507389,0,1,0,0.892857143,0,A,400/50,0.609834299
0.4,0.199507389,0,1,0,1,0,A,400/50,0.674213285
0.4,0.421182266,0,0,0,0.035714286,1,A,400/50,0.026182399
0.4,0.421182266,0,0,0,0.142857143,1,A,400/50,0.093830156
0.4,0.421182266,0,0,0,0.25,1,A,400/50,0.17603428
0.4,0.421182266,0,0,0,0.357142857,1,A,400/50,0.271385028
0.4,0.421182266,0,0,0,0.464285714,1,A,400/50,0.377896018
0.4,0.421182266,0,0,0,0.571428571,1,A,400/50,0.492885333
0.4,0.421182266,0,0,0,0.678571429,1,A,400/50,0.612229079
0.4,0.421182266,0,0,0,0.785714286,1,A,400/50,0.738838922
0.4,0.421182266,0,0,0,0.892857143,1,A,400/50,0.858424013
0.4,0.421182266,0,0,0,1,1,A,400/50,0.940832141
0.4,0.421182266,0,0,0,0.035714286,0.333333333,A,400/50,0.015496789
0.4,0.421182266,0,0,0,0.142857143,0.333333333,A,400/50,0.068904205
0.4,0.421182266,0,0,0,0.25,0.333333333,A,400/50,0.1328062
0.4,0.421182266,0,0,0,0.357142857,0.333333333,A,400/50,0.205005905
0.4,0.421182266,0,0,0,0.464285714,0.333333333,A,400/50,0.283965826
0.4,0.421182266,0,0,0,0.571428571,0.333333333,A,400/50,0.369955019
0.4,0.421182266,0,0,0,0.678571429,0.333333333,A,400/50,0.453772304
0.4,0.421182266,0,0,0,0.785714286,0.333333333,A,400/50,0.52782042
0.4,0.421182266,0,0,0,0.892857143,0.333333333,A,400/50,0.585074421
0.4,0.421182266,0,0,0,1,0.333333333,A,400/50,0.61509908
0.4,0.421182266,0,0,0,0.035714286,0.666666667,A,400/50,0.02083527
0.4,0.421182266,0,0,0,0.142857143,0.666666667,A,400/50,0.081368065
0.4,0.421182266,0,0,0,0.25,0.666666667,A,400/50,0.154473403
0.4,0.421182266,0,0,0,0.357142857,0.666666667,A,400/50,0.238354954
0.4,0.421182266,0,0,0,0.464285714,0.666666667,A,400/50,0.330281668
0.4,0.421182266,0,0,0,0.571428571,0.666666667,A,400/50,0.428887822
0.4,0.421182266,0,0,0,0.678571429,0.666666667,A,400/50,0.534468022
0.4,0.421182266,0,0,0,0.785714286,0.666666667,A,400/50,0.63400811
0.4,0.421182266,0,0,0,0.892857143,0.666666667,A,400/50,0.715220519
0.4,0.421182266,0,0,0,1,0.666666667,A,400/50,0.762889899
0.4,0.421182266,0,0,0,0.035714286,0,A,400/50,0.010170689
0.4,0.421182266,0,0,0,0.142857143,0,A,400/50,0.056486924
0.4,0.421182266,0,0,0,0.25,0,A,400/50,0.111265566
0.4,0.421182266,0,0,0,0.357142857,0,A,400/50,0.172055821
0.4,0.421182266,0,0,0,0.464285714,0,A,400/50,0.240578749
0.4,0.421182266,0,0,0,0.571428571,0,A,400/50,0.310098501
0.4,0.421182266,0,0,0,0.678571429,0,A,400/50,0.374942882
0.4,0.421182266,0,0,0,0.785714286,0,A,400/50,0.431226392
0.4,0.421182266,0,0,0,0.892857143,0,A,400/50,0.473773282
0.4,0.421182266,0,0,0,1,0,A,400/50,0.493922252
0.4,0.421182266,0,0,0,0,0.1,A,400/50,0
0.4,0.421182266,0,0,0,0.107142857,0.1,A,400/50,0.048046923
0.4,0.421182266,0,0,0,0.214285714,0.1,A,400/50,0.1053817
0.4,0.421182266,0,0,0,0.321428571,0.1,A,400/50,0.169990238
0.4,0.421182266,0,0,0,0.428571429,0.1,A,400/50,0.242813352
0.4,0.421182266,0,0,0,0.535714286,0.1,A,400/50,0.316929077
0.4,0.421182266,0,0,0,0.642857143,0.1,A,400/50,0.386513686
0.4,0.421182266,0,0,0,0.75,0.1,A,400/50,0.447111141
0.4,0.421182266,0,0,0,0.857142857,0.1,A,400/50,0.491956901
0.4,0.421182266,0,0,0,0.964285714,0.1,A,400/50,0.511766848
0.4,0.421182266,0,0,0,0,0.4,A,400/50,0.00329039
0.4,0.421182266,0,0,0,0.107142857,0.4,A,400/50,0.057672227
0.4,0.421182266,0,0,0,0.214285714,0.4,A,400/50,0.123234157
0.4,0.421182266,0,0,0,0.321428571,0.4,A,400/50,0.197741773
0.4,0.421182266,0,0,0,0.428571429,0.4,A,400/50,0.281063396
0.4,0.421182266,0,0,0,0.535714286,0.4,A,400/50,0.370240584
0.4,0.421182266,0,0,0,0.642857143,0.4,A,400/50,0.457262766
0.4,0.421182266,0,0,0,0.75,0.4,A,400/50,0.534024835
0.4,0.421182266,0,0,0,0.857142857,0.4,A,400/50,0.592653402
0.4,0.421182266,0,0,0,0.964285714,0.4,A,400/50,0.622355744
0.4,0.421182266,0,0,0,0,0.7,A,400/50,0.006589624
0.4,0.421182266,0,0,0,0.107142857,0.7,A,400/50,0.067356885
0.4,0.421182266,0,0,0,0.214285714,0.7,A,400/50,0.141265855
0.4,0.421182266,0,0,0,0.321428571,0.7,A,400/50,0.226418202
0.4,0.421182266,0,0,0,0.428571429,0.7,A,400/50,0.319897149
0.4,0.421182266,0,0,0,0.535714286,0.7,A,400/50,0.423488218
0.4,0.421182266,0,0,0,0.642857143,0.7,A,400/50,0.530288311
0.4,0.421182266,0,0,0,0.75,0.7,A,400/50,0.629914482
0.4,0.421182266,0,0,0,0.857142857,0.7,A,400/50,0.709449464
0.4,0.421182266,0,0,0,0.964285714,0.7,A,400/50,0.7534004
0.4,0.421182266,0,0,0,0,0.266666667,A,400/50,0.001826793
0.4,0.421182266,0,0,0,0.107142857,0.266666667,A,400/50,0.053385994
0.4,0.421182266,0,0,0,0.214285714,0.266666667,A,400/50,0.115272326
0.4,0.421182266,0,0,0,0.321428571,0.266666667,A,400/50,0.18513346
0.4,0.421182266,0,0,0,0.428571429,0.266666667,A,400/50,0.264077265
0.4,0.421182266,0,0,0,0.535714286,0.266666667,A,400/50,0.346430953
0.4,0.421182266,0,0,0,0.642857143,0.266666667,A,400/50,0.425377313
0.4,0.421182266,0,0,0,0.75,0.266666667,A,400/50,0.493592663
0.4,0.421182266,0,0,0,0.857142857,0.266666667,A,400/50,0.54661035
0.4,0.421182266,0,0,0,0.964285714,0.266666667,A,400/50,0.570493682
0.4,0.421182266,0,0,0,0.035714286,1,B,400/50,0.044022868
0.4,0.421182266,0,0,0,0.142857143,1,B,400/50,0.114201406
0.4,0.421182266,0,0,0,0.25,1,B,400/50,0.197525584
0.4,0.421182266,0,0,0,0.357142857,1,B,400/50,0.29253613
0.4,0.421182266,0,0,0,0.464285714,1,B,400/50,0.397203228
0.4,0.421182266,0,0,0,0.571428571,1,B,400/50,0.508671618
0.4,0.421182266,0,0,0,0.678571429,1,B,400/50,0.626815321
0.4,0.421182266,0,0,0,0.785714286,1,B,400/50,0.750008009
0.4,0.421182266,0,0,0,0.892857143,1,B,400/50,0.858919478
0.4,0.421182266,0,0,0,1,1,B,400/50,0.92914656
0.4,0.421182266,0,0,0,0.035714286,0.333333333,B,400/50,0.032567626
0.4,0.421182266,0,0,0,0.142857143,0.333333333,B,400/50,0.08771654
0.4,0.421182266,0,0,0,0.25,0.333333333,B,400/50,0.151917072
0.4,0.421182266,0,0,0,0.357142857,0.333333333,B,400/50,0.222929705
0.4,0.421182266,0,0,0,0.464285714,0.333333333,B,400/50,0.302085964
0.4,0.421182266,0,0,0,0.571428571,0.333333333,B,400/50,0.384417837
0.4,0.421182266,0,0,0,0.678571429,0.333333333,B,400/50,0.462980364
0.4,0.421182266,0,0,0,0.785714286,0.333333333,B,400/50,0.530756851
0.4,0.421182266,0,0,0,0.892857143,0.333333333,B,400/50,0.582284606
0.4,0.421182266,0,0,0,1,0.333333333,B,400/50,0.607231979
0.4,0.421182266,0,0,0,0.035714286,0.666666667,B,400/50,0.038287779
0.4,0.421182266,0,0,0,0.142857143,0.666666667,B,400/50,0.100940794
0.4,0.421182266,0,0,0,0.25,0.666666667,B,400/50,0.174709241
0.4,0.421182266,0,0,0,0.357142857,0.666666667,B,400/50,0.257719749
0.4,0.421182266,0,0,0,0.464285714,0.666666667,B,400/50,0.347232816
0.4,0.421182266,0,0,0,0.571428571,0.666666667,B,400/50,0.446197646
0.4,0.421182266,0,0,0,0.678571429,0.666666667,B,400/50,0.546454891
0.4,0.421182266,0,0,0,0.785714286,0.666666667,B,400/50,0.638813196
0.4,0.421182266,0,0,0,0.892857143,0.666666667,B,400/50,0.711824197
0.4,0.421182266,0,0,0,1,0.666666667,B,400/50,0.75173398
0.4,0.421182266,0,0,0,0.035714286,0,B,400/50,0.026866734
0.4,0.421182266,0,0,0,0.142857143,0,B,400/50,0.074575813
0.4,0.421182266,0,0,0,0.25,0,B,400/50,0.129367819
0.4,0.421182266,0,0,0,0.357142857,0,B,400/50,0.190348714
0.4,0.421182266,0,0,0,0.464285714,0,B,400/50,0.256941667
0.4,0.421182266,0,0,0,0.571428571,0,B,400/50,0.322894898
0.4,0.421182266,0,0,0,0.678571429,0,B,400/50,0.383142128
0.4,0.421182266,0,0,0,0.785714286,0,B,400/50,0.435264205
0.4,0.421182266,0,0,0,0.892857143,0,B,400/50,0.471747596
0.4,0.421182266,0,0,0,1,0,B,400/50,0.487270327
0.4,0.421182266,0,0,0,0.035714286,1,B,400/50,0.027477172
0.4,0.421182266,0,0,0,0.142857143,1,B,400/50,0.095536669
0.4,0.421182266,0,0,0,0.25,1,B,400/50,0.177211525
0.4,0.421182266,0,0,0,0.357142857,1,B,400/50,0.271178469
0.4,0.421182266,0,0,0,0.464285714,1,B,400/50,0.375637437
0.4,0.421182266,0,0,0,0.571428571,1,B,400/50,0.488144908
0.4,0.421182266,0,0,0,0.678571429,1,B,400/50,0.605196072
0.4,0.421182266,0,0,0,0.785714286,1,B,400/50,0.725922246
0.4,0.421182266,0,0,0,0.892857143,1,B,400/50,0.845378606
0.4,0.421182266,0,0,0,1,1,B,400/50,0.933683965
0.4,0.421182266,0,0,0,0.035714286,0.333333333,B,400/50,0.01653528
0.4,0.421182266,0,0,0,0.142857143,0.333333333,B,400/50,0.070269141
0.4,0.421182266,0,0,0,0.25,0.333333333,B,400/50,0.133781407
0.4,0.421182266,0,0,0,0.357142857,0.333333333,B,400/50,0.205016321
0.4,0.421182266,0,0,0,0.464285714,0.333333333,B,400/50,0.281601509
0.4,0.421182266,0,0,0,0.571428571,0.333333333,B,400/50,0.365840165
0.4,0.421182266,0,0,0,0.678571429,0.333333333,B,400/50,0.448212524
0.4,0.421182266,0,0,0,0.785714286,0.333333333,B,400/50,0.52163448
0.4,0.421182266,0,0,0,0.892857143,0.333333333,B,400/50,0.57853118
0.4,0.421182266,0,0,0,1,0.333333333,B,400/50,0.612403799
0.4,0.421182266,0,0,0,0.035714286,0.666666667,B,400/50,0.022002295
0.4,0.421182266,0,0,0,0.142857143,0.666666667,B,400/50,0.082907327
0.4,0.421182266,0,0,0,0.25,0.666666667,B,400/50,0.15556319
0.4,0.421182266,0,0,0,0.357142857,0.666666667,B,400/50,0.238292653
0.4,0.421182266,0,0,0,0.464285714,0.666666667,B,400/50,0.328590877
0.4,0.421182266,0,0,0,0.571428571,0.666666667,B,400/50,0.423504727
0.4,0.421182266,0,0,0,0.678571429,0.666666667,B,400/50,0.526906532
0.4,0.421182266,0,0,0,0.785714286,0.666666667,B,400/50,0.625373146
0.4,0.421182266,0,0,0,0.892857143,0.666666667,B,400/50,0.707473894
0.4,0.421182266,0,0,0,1,0.666666667,B,400/50,0.759401598
0.4,0.421182266,0,0,0,0.035714286,0,B,400/50,0.011080449
0.4,0.421182266,0,0,0,0.142857143,0,B,400/50,0.057673799
0.4,0.421182266,0,0,0,0.25,0,B,400/50,0.112112042
0.4,0.421182266,0,0,0,0.357142857,0,B,400/50,0.172097487
0.4,0.421182266,0,0,0,0.464285714,0,B,400/50,0.238739967
0.4,0.421182266,0,0,0,0.571428571,0,B,400/50,0.3069449
0.4,0.421182266,0,0,0,0.678571429,0,B,400/50,0.370818987
0.4,0.421182266,0,0,0,0.785714286,0,B,400/50,0.425077597
0.4,0.421182266,0,0,0,0.892857143,0,B,400/50,0.468364048
0.4,0.421182266,0,0,0,1,0,B,400/50,0.490566023
0.4,0.421182266,0,0,0,0.035714286,1,A,400/50,0.025375623
0.4,0.421182266,0,0,0,0.142857143,1,A,400/50,0.092354964
0.4,0.421182266,0,0,0,0.25,1,A,400/50,0.174050063
0.4,0.421182266,0,0,0,0.357142857,1,A,400/50,0.269133522
0.4,0.421182266,0,0,0,0.464285714,1,A,400/50,0.375762826
0.4,0.421182266,0,0,0,0.571428571,1,A,400/50,0.491502316
0.4,0.421182266,0,0,0,0.678571429,1,A,400/50,0.612587166
0.4,0.421182266,0,0,0,0.785714286,1,A,400/50,0.737111772
0.4,0.421182266,0,0,0,0.892857143,1,A,400/50,0.862855682
0.4,0.421182266,0,0,0,1,1,A,400/50,0.95595453
0.4,0.421182266,0,0,0,0.035714286,0.333333333,A,400/50,0.014870235
0.4,0.421182266,0,0,0,0.142857143,0.333333333,A,400/50,0.067882026
0.4,0.421182266,0,0,0,0.25,0.333333333,A,400/50,0.131676517
0.4,0.421182266,0,0,0,0.357142857,0.333333333,A,400/50,0.204149798
0.4,0.421182266,0,0,0,0.464285714,0.333333333,A,400/50,0.282298815
0.4,0.421182266,0,0,0,0.571428571,0.333333333,A,400/50,0.369452479
0.4,0.421182266,0,0,0,0.678571429,0.333333333,A,400/50,0.455274224
0.4,0.421182266,0,0,0,0.785714286,0.333333333,A,400/50,0.532152249
0.4,0.421182266,0,0,0,0.892857143,0.333333333,A,400/50,0.592555528
0.4,0.421182266,0,0,0,1,0.333333333,A,400/50,0.626909264
0.4,0.421182266,0,0,0,0.035714286,0.666666667,A,400/50,0.034514895
0.4,0.421182266,0,0,0,0.142857143,0.666666667,A,400/50,0.095820663
0.4,0.421182266,0,0,0,0.25,0.666666667,A,400/50,0.169782894
0.4,0.421182266,0,0,0,0.357142857,0.666666667,A,400/50,0.254710012
0.4,0.421182266,0,0,0,0.464285714,0.666666667,A,400/50,0.348042737
0.4,0.421182266,0,0,0,0.571428571,0.666666667,A,400/50,0.446983197
0.4,0.421182266,0,0,0,0.678571429,0.666666667,A,400/50,0.555912551
0.4,0.421182266,0,0,0,0.785714286,0.666666667,A,400/50,0.660182451
0.4,0.421182266,0,0,0,0.892857143,0.666666667,A,400/50,0.74743222
0.4,0.421182266,0,0,0,1,0.666666667,A,400/50,0.801401138
0.4,0.421182266,0,0,0,0.035714286,0,A,400/50,0.023840291
0.4,0.421182266,0,0,0,0.142857143,0,A,400/50,0.070939522
0.4,0.421182266,0,0,0,0.25,0,A,400/50,0.126575056
0.4,0.421182266,0,0,0,0.357142857,0,A,400/50,0.18830986
0.4,0.421182266,0,0,0,0.464285714,0,A,400/50,0.257721715
0.4,0.421182266,0,0,0,0.571428571,0,A,400/50,0.328973334
0.4,0.421182266,0,0,0,0.678571429,0,A,400/50,0.395699341
0.4,0.421182266,0,0,0,0.785714286,0,A,400/50,0.455313138
0.4,0.421182266,0,0,0,0.892857143,0,A,400/50,0.500382752
0.4,0.421182266,0,0,0,1,0,A,400/50,0.522025388
0.4,0.421182266,0,0,0,0.035714286,1,B,400/50,0.026795981
0.4,0.421182266,0,0,0,0.142857143,1,B,400/50,0.094286117
0.4,0.421182266,0,0,0,0.25,1,B,400/50,0.175523289
0.4,0.421182266,0,0,0,0.357142857,1,B,400/50,0.269264415
0.4,0.421182266,0,0,0,0.464285714,1,B,400/50,0.373854078
0.4,0.421182266,0,0,0,0.571428571,1,B,400/50,0.487128821
0.4,0.421182266,0,0,0,0.678571429,1,B,400/50,0.605833042
0.4,0.421182266,0,0,0,0.785714286,1,B,400/50,0.724723382
0.4,0.421182266,0,0,0,0.892857143,1,B,400/50,0.849573843
0.4,0.421182266,0,0,0,1,1,B,400/50,0.948776677
0.4,0.421182266,0,0,0,0.035714286,0.333333333,B,400/50,0.016017017
0.4,0.421182266,0,0,0,0.142857143,0.333333333,B,400/50,0.069446642
0.4,0.421182266,0,0,0,0.25,0.333333333,B,400/50,0.132924318
0.4,0.421182266,0,0,0,0.357142857,0.333333333,B,400/50,0.204488232
0.4,0.421182266,0,0,0,0.464285714,0.333333333,B,400/50,0.281235954
0.4,0.421182266,0,0,0,0.571428571,0.333333333,B,400/50,0.365769019
0.4,0.421182266,0,0,0,0.678571429,0.333333333,B,400/50,0.450234673
0.4,0.421182266,0,0,0,0.785714286,0.333333333,B,400/50,0.526633545
0.4,0.421182266,0,0,0,0.892857143,0.333333333,B,400/50,0.586987297
0.4,0.421182266,0,0,0,1,0.333333333,B,400/50,0.62449208
0.4,0.421182266,0,0,0,0.035714286,0.666666667,B,400/50,0.021405418
0.4,0.421182266,0,0,0,0.142857143,0.666666667,B,400/50,0.081888293
0.4,0.421182266,0,0,0,0.25,0.666666667,B,400/50,0.154348603
0.4,0.421182266,0,0,0,0.357142857,0.666666667,B,400/50,0.237216623
0.4,0.421182266,0,0,0,0.464285714,0.666666667,B,400/50,0.328126072
0.4,0.421182266,0,0,0,0.571428571,0.666666667,B,400/50,0.423736442
0.4,0.421182266,0,0,0,0.678571429,0.666666667,B,400/50,0.527026419
0.4,0.421182266,0,0,0,0.785714286,0.666666667,B,400/50,0.628870881
0.4,0.421182266,0,0,0,0.892857143,0.666666667,B,400/50,0.716165263
0.4,0.421182266,0,0,0,1,0.666666667,B,400/50,0.774358898
0.4,0.421182266,0,0,0,0.035714286,0,B,400/50,0.010635691
0.4,0.421182266,0,0,0,0.142857143,0,B,400/50,0.057017962
0.4,0.421182266,0,0,0,0.25,0,B,400/50,0.111521061
0.4,0.421182266,0,0,0,0.357142857,0,B,400/50,0.171911958
0.4,0.421182266,0,0,0,0.464285714,0,B,400/50,0.238293046
0.4,0.421182266,0,0,0,0.571428571,0,B,400/50,0.30774578
0.4,0.421182266,0,0,0,0.678571429,0,B,400/50,0.37341836
0.4,0.421182266,0,0,0,0.785714286,0,B,400/50,0.429898995
0.4,0.421182266,0,0,0,0.892857143,0,B,400/50,0.475910208
0.4,0.421182266,0,0,0,1,0,B,400/50,0.50119228
0.8,1,0,0.239336493,0.666666667,0.642857143,0.333333333,C,500/65,0.404926072
0.8,1,0,0.239336493,0.666666667,0.714285714,0.333333333,C,500/65,0.450095329
0.8,1,0,0.239336493,0.666666667,0.785714286,0.333333333,C,500/65,0.490556196
0.8,1,0,0.239336493,0.666666667,0.857142857,0.333333333,C,500/65,0.525321281
0.8,1,0,0.239336493,0.666666667,0.928571429,0.333333333,C,500/65,0.553828886
0.8,1,0,0.239336493,0.666666667,0.642857143,0.333333333,C,500/65,0.427904361
0.8,1,0,0.239336493,0.666666667,0.714285714,0.333333333,C,500/65,0.473011906
0.8,1,0,0.239336493,0.666666667,0.785714286,0.333333333,C,500/65,0.513220618
0.8,1,0,0.239336493,0.666666667,0.857142857,0.333333333,C,500/65,0.547546643
0.8,1,0,0.239336493,0.666666667,0.928571429,0.333333333,C,500/65,0.575446562
0.8,1,0,0.239336493,0.666666667,0.642857143,0.333333333,C,500/65,0.416806616
0.8,1,0,0.239336493,0.666666667,0.714285714,0.333333333,C,500/65,0.461947572
0.8,1,0,0.239336493,0.666666667,0.785714286,0.333333333,C,500/65,0.502281477
0.8,1,0,0.239336493,0.666666667,0.857142857,0.333333333,C,500/65,0.536822708
0.8,1,0,0.239336493,0.666666667,0.928571429,0.333333333,C,500/65,0.565019395
0.8,1,0,0.239336493,0.666666667,0.642857143,0.333333333,C,500/65,0.410349457
0.8,1,0,0.239336493,0.666666667,0.714285714,0.333333333,C,500/65,0.455709353
0.8,1,0,0.239336493,0.666666667,0.785714286,0.333333333,C,500/65,0.496361448
0.8,1,0,0.239336493,0.666666667,0.857142857,0.333333333,C,500/65,0.53129968
0.8,1,0,0.239336493,0.666666667,0.928571429,0.333333333,C,500/65,0.559940143
0.8,1,0,0.239336493,0.666666667,0.642857143,0.333333333,C,500/65,0.468212323
0.8,1,0,0.239336493,0.666666667,0.714285714,0.333333333,C,500/65,0.513581653
0.8,1,0,0.239336493,0.666666667,0.785714286,0.333333333,C,500/65,0.553708803
0.8,1,0,0.239336493,0.666666667,0.857142857,0.333333333,C,500/65,0.587593214
0.8,1,0,0.239336493,0.666666667,0.928571429,0.333333333,C,500/65,0.614701883
0.8,1,0,0.239336493,0.666666667,0.642857143,0.333333333,C,500/65,0.44020942
0.8,1,0,0.239336493,0.666666667,0.714285714,0.333333333,C,500/65,0.485599779
0.8,1,0,0.239336493,0.666666667,0.785714286,0.333333333,C,500/65,0.526006795
0.8,1,0,0.239336493,0.666666667,0.857142857,0.333333333,C,500/65,0.560426568
0.8,1,0,0.239336493,0.666666667,0.928571429,0.333333333,C,500/65,0.58830074
1,1,0,0.53436019,0,0.642857143,0.333333333,B,500/65,0.426438995
1,1,0,0.53436019,0,0.714285714,0.333333333,B,500/65,0.47474161
1,1,0,0.53436019,0,0.785714286,0.333333333,B,500/65,0.51897654
1,1,0,0.53436019,0,0.857142857,0.333333333,B,500/65,0.558586213
1,1,0,0.53436019,0,0.928571429,0.333333333,B,500/65,0.593387067
1,1,0,0.53436019,0,0.642857143,0.333333333,B,500/65,0.453013482
1,1,0,0.53436019,0,0.714285714,0.333333333,B,500/65,0.501212916
1,1,0,0.53436019,0,0.785714286,0.333333333,B,500/65,0.545170928
1,1,0,0.53436019,0,0.857142857,0.333333333,B,500/65,0.584355496
1,1,0,0.53436019,0,0.928571429,0.333333333,B,500/65,0.618615289
1,1,0,0.53436019,0,0.642857143,0.333333333,B,500/65,0.440909281
1,1,0,0.53436019,0,0.714285714,0.333333333,B,500/65,0.494261668
1,1,0,0.53436019,0,0.785714286,0.333333333,B,500/65,0.545248166
1,1,0,0.53436019,0,0.857142857,0.333333333,B,500/65,0.595684759
1,1,0,0.53436019,0,0.928571429,0.333333333,B,500/65,0.640609526
1,1,0,0.239336493,0,0.642857143,0.333333333,B,500/65,0.409215646
1,1,0,0.239336493,0,0.714285714,0.333333333,B,500/65,0.451293997
1,1,0,0.239336493,0,0.785714286,0.333333333,B,500/65,0.488582788
1,1,0,0.239336493,0,0.857142857,0.333333333,B,500/65,0.520710175
1,1,0,0.239336493,0,0.928571429,0.333333333,B,500/65,0.547767155
1,1,0,0.239336493,0,0.642857143,0.333333333,B,500/65,0.472577956
1,1,0,0.239336493,0,0.714285714,0.333333333,B,500/65,0.514315711
1,1,0,0.239336493,0,0.785714286,0.333333333,B,500/65,0.581567253
1,1,0,0.239336493,0,0.857142857,0.333333333,B,500/65,0.581567253
1,1,0,0.239336493,0,0.928571429,0.333333333,B,500/65,0.60703112
1,1,0,0.239336493,0,0.642857143,0.333333333,B,500/65,0.446599167
1,1,0,0.239336493,0,0.714285714,0.333333333,B,500/65,0.495199926
1,1,0,0.239336493,0,0.785714286,0.333333333,B,500/65,0.539575968
1,1,0,0.239336493,0,0.857142857,0.333333333,B,500/65,0.579008956
1,1,0,0.239336493,0,0.928571429,0.333333333,B,500/65,0.614194429
0.8,1,1,0.239336493,0.666666667,0.642857143,0.333333333,C,500/65,0.407775437
0.8,1,1,0.239336493,0.666666667,0.714285714,0.333333333,C,500/65,0.453266029
0.8,1,1,0.239336493,0.666666667,0.785714286,0.333333333,C,500/65,0.493953304
0.8,1,1,0.239336493,0.666666667,0.857142857,0.333333333,C,500/65,0.52878639
0.8,1,1,0.239336493,0.666666667,0.928571429,0.333333333,C,500/65,0.557135785
0.8,1,1,0.239336493,0.666666667,0.642857143,0.333333333,C,500/65,0.430753333
0.8,1,1,0.239336493,0.666666667,0.714285714,0.333333333,C,500/65,0.476186929
0.8,1,1,0.239336493,0.666666667,0.785714286,0.333333333,C,500/65,0.516618512
0.8,1,1,0.239336493,0.666666667,0.857142857,0.333333333,C,500/65,0.55099603
0.8,1,1,0.239336493,0.666666667,0.928571429,0.333333333,C,500/65,0.578706096
0.8,1,1,0.239336493,0.666666667,0.642857143,0.333333333,C,500/65,0.419656178
0.8,1,1,0.239336493,0.666666667,0.714285714,0.333333333,C,500/65,0.465121023
0.8,1,1,0.239336493,0.666666667,0.785714286,0.333333333,C,500/65,0.505679568
0.8,1,1,0.239336493,0.666666667,0.857142857,0.333333333,C,500/65,0.540280742
0.8,1,1,0.239336493,0.666666667,0.928571429,0.333333333,C,500/65,0.568303103
0.8,1,1,0.239336493,0.666666667,0.642857143,0.333333333,C,500/65,0.413180151
0.8,1,1,0.239336493,0.666666667,0.714285714,0.333333333,C,500/65,0.458877891
0.8,1,1,0.239336493,0.666666667,0.785714286,0.333333333,C,500/65,0.499777424
0.8,1,1,0.239336493,0.666666667,0.857142857,0.333333333,C,500/65,0.534809796
0.8,1,1,0.239336493,0.666666667,0.928571429,0.333333333,C,500/65,0.563322905
0.8,1,1,0.239336493,0.666666667,0.642857143,0.333333333,C,500/65,0.471089793
0.8,1,1,0.239336493,0.666666667,0.714285714,0.333333333,C,500/65,0.516808169
0.8,1,1,0.239336493,0.666666667,0.785714286,0.333333333,C,500/65,0.557170571
0.8,1,1,0.239336493,0.666666667,0.857142857,0.333333333,C,500/65,0.591101561
0.8,1,1,0.239336493,0.666666667,0.928571429,0.333333333,C,500/65,0.61799188
0.8,1,1,0.239336493,0.666666667,0.642857143,0.333333333,C,500/65,0.44306645
0.8,1,1,0.239336493,0.666666667,0.714285714,0.333333333,C,500/65,0.488801335
0.8,1,1,0.239336493,0.666666667,0.785714286,0.333333333,C,500/65,0.529450875
0.8,1,1,0.239336493,0.666666667,0.857142857,0.333333333,C,500/65,0.563942776
0.8,1,1,0.239336493,0.666666667,0.928571429,0.333333333,C,500/65,0.591645374
1,1,1,0.53436019,0,0.642857143,0.333333333,B,500/65,0.430906433
1,1,1,0.53436019,0,0.714285714,0.333333333,B,500/65,0.479810249
1,1,1,0.53436019,0,0.785714286,0.333333333,B,500/65,0.524616506
1,1,1,0.53436019,0,0.857142857,0.333333333,B,500/65,0.564714569
1,1,1,0.53436019,0,0.928571429,0.333333333,B,500/65,0.59986329
1,1,1,0.53436019,0,0.642857143,0.333333333,B,500/65,0.457553441
1,1,1,0.53436019,0,0.714285714,0.333333333,B,500/65,0.506366262
1,1,1,0.53436019,0,0.785714286,0.333333333,B,500/65,0.550899924
1,1,1,0.53436019,0,0.857142857,0.333333333,B,500/65,0.590567182
1,1,1,0.53436019,0,0.928571429,0.333333333,B,500/65,0.625156761
1,1,1,0.53436019,0,0.642857143,0.333333333,B,500/65,0.444679806
1,1,1,0.53436019,0,0.714285714,0.333333333,B,500/65,0.493539205
1,1,1,0.53436019,0,0.785714286,0.333333333,B,500/65,0.538207298
1,1,1,0.53436019,0,0.857142857,0.333333333,B,500/65,0.578085045
1,1,1,0.53436019,0,0.928571429,0.333333333,B,500/65,0.612946825
1,1,1,0.239336493,0,0.642857143,0.333333333,B,500/65,0.413581083
1,1,1,0.239336493,0,0.714285714,0.333333333,B,500/65,0.456138782
1,1,1,0.239336493,0,0.785714286,0.333333333,B,500/65,0.493803152
1,1,1,0.239336493,0,0.857142857,0.333333333,B,500/65,0.526130612
1,1,1,0.239336493,0,0.928571429,0.333333333,B,500/65,0.553146123
1,1,1,0.239336493,0,0.642857143,0.333333333,B,500/65,0.477208518
1,1,1,0.239336493,0,0.714285714,0.333333333,B,500/65,0.519430536
1,1,1,0.239336493,0,0.785714286,0.333333333,B,500/65,0.556193792
1,1,1,0.239336493,0,0.857142857,0.333333333,B,500/65,0.587147866
1,1,1,0.239336493,0,0.928571429,0.333333333,B,500/65,0.612444678
1,1,1,0.239336493,0,0.642857143,0.333333333,B,500/65,0.446381996
1,1,1,0.239336493,0,0.714285714,0.333333333,B,500/65,0.488793277
1,1,1,0.239336493,0,0.785714286,0.333333333,B,500/65,0.526019177
1,1,1,0.239336493,0,0.857142857,0.333333333,B,500/65,0.557661712
1,1,1,0.239336493,0,0.928571429,0.333333333,B,500/65,0.583809521
0.8,1,0,0.239336493,0.666666667,0.642857143,0.333333333,C,500/65,0.407017205
0.8,1,0,0.239336493,0.666666667,0.714285714,0.333333333,C,500/65,0.452236579
0.8,1,0,0.239336493,0.666666667,0.785714286,0.333333333,C,500/65,0.492749527
0.8,1,0,0.239336493,0.666666667,0.857142857,0.333333333,C,500/65,0.527561977
0.8,1,0,0.239336493,0.666666667,0.928571429,0.333333333,C,500/65,0.55610319
0.8,1,0,0.239336493,0.666666667,0.642857143,0.333333333,C,500/65,0.450538319
0.8,1,0,0.239336493,0.666666667,0.714285714,0.333333333,C,500/65,0.495618742
0.8,1,0,0.239336493,0.666666667,0.785714286,0.333333333,C,500/65,0.535634457
0.8,1,0,0.239336493,0.666666667,0.857142857,0.333333333,C,500/65,0.569597286
0.8,1,0,0.239336493,0.666666667,0.928571429,0.333333333,C,500/65,0.596972063
0.8,1,0,0.239336493,0.666666667,0.642857143,0.333333333,C,500/65,0.429494526
0.8,1,0,0.239336493,0.666666667,0.714285714,0.333333333,C,500/65,0.474654742
0.8,1,0,0.239336493,0.666666667,0.785714286,0.333333333,C,500/65,0.514923004
0.8,1,0,0.239336493,0.666666667,0.857142857,0.333333333,C,500/65,0.549308187
0.8,1,0,0.239336493,0.666666667,0.928571429,0.333333333,C,500/65,0.577258026
0.8,1,0,0.239336493,0.666666667,0.642857143,0.333333333,C,500/65,0.413136717
0.8,1,0,0.239336493,0.666666667,0.714285714,0.333333333,C,500/65,0.45884507
0.8,1,0,0.239336493,0.666666667,0.785714286,0.333333333,C,500/65,0.499839136
0.8,1,0,0.239336493,0.666666667,0.857142857,0.333333333,C,500/65,0.535098506
0.8,1,0,0.239336493,0.666666667,0.928571429,0.333333333,C,500/65,0.5640208
0.8,1,0,0.239336493,0.666666667,0.642857143,0.333333333,C,500/65,0.474021506
0.8,1,0,0.239336493,0.666666667,0.714285714,0.333333333,C,500/65,0.519983192
0.8,1,0,0.239336493,0.666666667,0.785714286,0.333333333,C,500/65,0.560551171
0.8,1,0,0.239336493,0.666666667,0.857142857,0.333333333,C,500/65,0.59471191
0.8,1,0,0.239336493,0.666666667,0.928571429,0.333333333,C,500/65,0.621931818
0.8,1,0,0.239336493,0.666666667,0.642857143,0.333333333,C,500/65,0.444563261
0.8,1,0,0.239336493,0.666666667,0.714285714,0.333333333,C,500/65,0.49044653
0.8,1,0,0.239336493,0.666666667,0.785714286,0.333333333,C,500/65,0.531268824
0.8,1,0,0.239336493,0.666666667,0.857142857,0.333333333,C,500/65,0.566010718
0.8,1,0,0.239336493,0.666666667,0.928571429,0.333333333,C,500/65,0.594102651
1,1,0,0.53436019,0,0.642857143,0.333333333,B,500/65,0.429024217
1,1,0,0.53436019,0,0.714285714,0.333333333,B,500/65,0.477263352
1,1,0,0.53436019,0,0.785714286,0.333333333,B,500/65,0.521440696
1,1,0,0.53436019,0,0.857142857,0.333333333,B,500/65,0.560991409
1,1,0,0.53436019,0,0.928571429,0.333333333,B,500/65,0.595727014
1,1,0,0.53436019,0,0.642857143,0.333333333,B,500/65,0.479464348
1,1,0,0.53436019,0,0.714285714,0.333333333,B,500/65,0.527488669
1,1,0,0.53436019,0,0.785714286,0.333333333,B,500/65,0.571123774
1,1,0,0.53436019,0,0.857142857,0.333333333,B,500/65,0.609855722
1,1,0,0.53436019,0,0.928571429,0.333333333,B,500/65,0.64355539
1,1,0,0.53436019,0,0.642857143,0.333333333,B,500/65,0.453426598
1,1,0,0.53436019,0,0.714285714,0.333333333,B,500/65,0.50676739
1,1,0,0.53436019,0,0.785714286,0.333333333,B,500/65,0.556876358
1,1,0,0.53436019,0,0.857142857,0.333333333,B,500/65,0.609541659
1,1,0,0.53436019,0,0.928571429,0.333333333,B,500/65,0.654431836
1,1,0,0.239336493,0,0.642857143,0.333333333,B,500/65,0.41296809
1,1,0,0.239336493,0,0.714285714,0.333333333,B,500/65,0.455242975
1,1,0,0.239336493,0,0.785714286,0.333333333,B,500/65,0.492709238
1,1,0,0.239336493,0,0.857142857,0.333333333,B,500/65,0.524979113
1,1,0,0.239336493,0,0.928571429,0.333333333,B,500/65,0.552128465
1,1,0,0.239336493,0,0.642857143,0.333333333,B,500/65,0.48003253
1,1,0,0.239336493,0,0.714285714,0.333333333,B,500/65,0.52212228
1,1,0,0.239336493,0,0.785714286,0.333333333,B,500/65,0.558721233
1,1,0,0.239336493,0,0.857142857,0.333333333,B,500/65,0.589570553
1,1,0,0.239336493,0,0.928571429,0.333333333,B,500/65,0.614916303
1,1,0,0.239336493,0,0.642857143,0.333333333,B,500/65,0.451038304
1,1,0,0.239336493,0,0.714285714,0.333333333,B,500/65,0.500017983
1,1,0,0.239336493,0,0.785714286,0.333333333,B,500/65,0.5447187
1,1,0,0.239336493,0,0.857142857,0.333333333,B,500/65,0.584088994
1,1,0,0.239336493,0,0.928571429,0.333333333,B,500/65,0.619597374
0.8,1,1,0.239336493,0.666666667,0.642857143,0.333333333,C,500/65,0.409861067
0.8,1,1,0.239336493,0.666666667,0.714285714,0.333333333,C,500/65,0.455407868
0.8,1,1,0.239336493,0.666666667,0.785714286,0.333333333,C,500/65,0.496155087
0.8,1,1,0.239336493,0.666666667,0.857142857,0.333333333,C,500/65,0.531044578
0.8,1,1,0.239336493,0.666666667,0.928571429,0.333333333,C,500/65,0.559438782
0.8,1,1,0.239336493,0.666666667,0.642857143,0.333333333,C,500/65,0.45337884
0.8,1,1,0.239336493,0.666666667,0.714285714,0.333333333,C,500/65,0.498795535
0.8,1,1,0.239336493,0.666666667,0.785714286,0.333333333,C,500/65,0.539038051
0.8,1,1,0.239336493,0.666666667,0.857142857,0.333333333,C,500/65,0.573046279
0.8,1,1,0.239336493,0.666666667,0.928571429,0.333333333,C,500/65,0.600212533
0.8,1,1,0.239336493,0.666666667,0.642857143,0.333333333,C,500/65,0.432337995
0.8,1,1,0.239336493,0.666666667,0.714285714,0.333333333,C,500/65,0.477830355
0.8,1,1,0.239336493,0.666666667,0.785714286,0.333333333,C,500/65,0.518329546
0.8,1,1,0.239336493,0.666666667,0.857142857,0.333333333,C,500/65,0.552776834
0.8,1,1,0.239336493,0.666666667,0.928571429,0.333333333,C,500/65,0.580549201
0.8,1,1,0.239336493,0.666666667,0.642857143,0.333333333,C,500/65,0.415954243
0.8,1,1,0.239336493,0.666666667,0.714285714,0.333333333,C,500/65,0.462007122
0.8,1,1,0.239336493,0.666666667,0.785714286,0.333333333,C,500/65,0.503260418
0.8,1,1,0.239336493,0.666666667,0.857142857,0.333333333,C,500/65,0.538629652
0.8,1,1,0.239336493,0.666666667,0.928571429,0.333333333,C,500/65,0.567445424
0.8,1,1,0.239336493,0.666666667,0.642857143,0.333333333,C,500/65,0.477030261
0.8,1,1,0.239336493,0.666666667,0.714285714,0.333333333,C,500/65,0.523342762
0.8,1,1,0.239336493,0.666666667,0.785714286,0.333333333,C,500/65,0.564149924
0.8,1,1,0.239336493,0.666666667,0.857142857,0.333333333,C,500/65,0.598360583
0.8,1,1,0.239336493,0.666666667,0.928571429,0.333333333,C,500/65,0.625364106
0.8,1,1,0.239336493,0.666666667,0.642857143,0.333333333,C,500/65,0.447481413
0.8,1,1,0.239336493,0.666666667,0.714285714,0.333333333,C,500/65,0.493714514
0.8,1,1,0.239336493,0.666666667,0.785714286,0.333333333,C,500/65,0.534787588
0.8,1,1,0.239336493,0.666666667,0.857142857,0.333333333,C,500/65,0.569612616
0.8,1,1,0.239336493,0.666666667,0.928571429,0.333333333,C,500/65,0.597546142
1,1,1,0.53436019,0,0.642857143,0.333333333,B,500/65,0.433495193
1,1,1,0.53436019,0,0.714285714,0.333333333,B,500/65,0.482336707
1,1,1,0.53436019,0,0.785714286,0.333333333,B,500/65,0.527087738
1,1,1,0.53436019,0,0.857142857,0.333333333,B,500/65,0.567131557
1,1,1,0.53436019,0,0.928571429,0.333333333,B,500/65,0.602220728
1,1,1,0.53436019,0,0.642857143,0.333333333,B,500/65,0.484067788
1,1,1,0.53436019,0,0.714285714,0.333333333,B,500/65,0.532716895
1,1,1,0.53436019,0,0.785714286,0.333333333,B,500/65,0.576934332
1,1,1,0.53436019,0,0.857142857,0.333333333,B,500/65,0.616147398
1,1,1,0.53436019,0,0.928571429,0.333333333,B,500/65,0.650166436
1,1,1,0.53436019,0,0.642857143,0.333333333,B,500/65,0.459598585
1,1,1,0.53436019,0,0.714285714,0.333333333,B,500/65,0.508350872
1,1,1,0.53436019,0,0.785714286,0.333333333,B,500/65,0.552835991
1,1,1,0.53436019,0,0.857142857,0.333333333,B,500/65,0.592458832
1,1,1,0.53436019,0,0.928571429,0.333333333,B,500/65,0.627002225
1,1,1,0.239336493,0,0.642857143,0.333333333,B,500/65,0.41734807
1,1,1,0.239336493,0,0.714285714,0.333333333,B,500/65,0.460106235
1,1,1,0.239336493,0,0.785714286,0.333333333,B,500/65,0.497958099
1,1,1,0.239336493,0,0.857142857,0.333333333,B,500/65,0.530442984
1,1,1,0.239336493,0,0.928571429,0.333333333,B,500/65,0.557571306
1,1,1,0.239336493,0,0.642857143,0.333333333,B,500/65,0.484817766
1,1,1,0.239336493,0,0.714285714,0.333333333,B,500/65,0.527398656
1,1,1,0.239336493,0,0.785714286,0.333333333,B,500/65,0.564349014
1,1,1,0.239336493,0,0.857142857,0.333333333,B,500/65,0.595325886
1,1,1,0.239336493,0,0.928571429,0.333333333,B,500/65,0.620505956
1,1,1,0.239336493,0,0.642857143,0.333333333,B,500/65,0.45215482
1,1,1,0.239336493,0,0.714285714,0.333333333,B,500/65,0.494867389
1,1,1,0.239336493,0,0.785714286,0.333333333,B,500/65,0.532301616
1,1,1,0.239336493,0,0.857142857,0.333333333,B,500/65,0.564053425
1,1,1,0.239336493,0,0.928571429,0.333333333,B,500/65,0.590213616
0.8,1,0,0.239336493,0.666666667,0.642857143,0.5,C,500/65,0.443708923
0.8,1,0,0.239336493,0.666666667,0.714285714,0.5,C,500/65,0.494748092
0.8,1,0,0.239336493,0.666666667,0.785714286,0.5,C,500/65,0.541010477
0.8,1,0,0.239336493,0.666666667,0.857142857,0.5,C,500/65,0.581234126
0.8,1,0,0.239336493,0.666666667,0.928571429,0.5,C,500/65,0.614605384
0.8,1,0,0.239336493,0.666666667,0.642857143,0.5,C,500/65,0.489207769
0.8,1,0,0.239336493,0.666666667,0.714285714,0.5,C,500/65,0.540460965
0.8,1,0,0.239336493,0.666666667,0.785714286,0.5,C,500/65,0.586585382
0.8,1,0,0.239336493,0.666666667,0.857142857,0.5,C,500/65,0.626306098
0.8,1,0,0.239336493,0.666666667,0.928571429,0.5,C,500/65,0.658830094
0.8,1,0,0.239336493,0.666666667,0.642857143,0.5,C,500/65,0.467207832
0.8,1,0,0.239336493,0.666666667,0.714285714,0.5,C,500/65,0.518370229
0.8,1,0,0.239336493,0.666666667,0.785714286,0.5,C,500/65,0.564573654
0.8,1,0,0.239336493,0.666666667,0.857142857,0.5,C,500/65,0.604549865
0.8,1,0,0.239336493,0.666666667,0.928571429,0.5,C,500/65,0.637494642
0.8,1,0,0.239336493,0.666666667,0.642857143,0.5,C,500/65,0.44991491
0.8,1,0,0.239336493,0.666666667,0.714285714,0.5,C,500/65,0.501574737
0.8,1,0,0.239336493,0.666666667,0.785714286,0.5,C,500/65,0.548489422
0.8,1,0,0.239336493,0.666666667,0.857142857,0.5,C,500/65,0.58936655
0.8,1,0,0.239336493,0.666666667,0.928571429,0.5,C,500/65,0.623350211
0.8,1,0,0.239336493,0.666666667,0.642857143,0.5,C,500/65,0.513032141
0.8,1,0,0.239336493,0.666666667,0.714285714,0.5,C,500/65,0.565464547
0.8,1,0,0.239336493,0.666666667,0.785714286,0.5,C,500/65,0.612478089
0.8,1,0,0.239336493,0.666666667,0.857142857,0.5,C,500/65,0.652749299
0.8,1,0,0.239336493,0.666666667,0.928571429,0.5,C,500/65,0.685461968
0.8,1,0,0.239336493,0.666666667,0.642857143,0.5,C,500/65,0.482495115
0.8,1,0,0.239336493,0.666666667,0.714285714,0.5,C,500/65,0.534600487
0.8,1,0,0.239336493,0.666666667,0.785714286,0.5,C,500/65,0.581617369
0.8,1,0,0.239336493,0.666666667,0.857142857,0.5,C,500/65,0.622237233
0.8,1,0,0.239336493,0.666666667,0.928571429,0.5,C,500/65,0.65561989
1,1,0,0.53436019,0,0.642857143,0.5,B,500/65,0.466285493
1,1,0,0.53436019,0,0.714285714,0.5,B,500/65,0.520135507
1,1,0,0.53436019,0,0.785714286,0.5,B,500/65,0.569968541
1,1,0,0.53436019,0,0.857142857,0.5,B,500/65,0.615167081
1,1,0,0.53436019,0,0.928571429,0.5,B,500/65,0.655489194
1,1,0,0.53436019,0,0.642857143,0.5,B,500/65,0.518922296
1,1,0,0.53436019,0,0.714285714,0.5,B,500/65,0.572895341
1,1,0,0.53436019,0,0.785714286,0.5,B,500/65,0.62257095
1,1,0,0.53436019,0,0.857142857,0.5,B,500/65,0.667319425
1,1,0,0.53436019,0,0.928571429,0.5,B,500/65,0.70697666
1,1,0,0.53436019,0,0.642857143,0.5,B,500/65,0.492156188
1,1,0,0.53436019,0,0.714285714,0.5,B,500/65,0.552106453
1,1,0,0.53436019,0,0.785714286,0.5,B,500/65,0.609119108
1,1,0,0.53436019,0,0.857142857,0.5,B,500/65,0.665445856
1,1,0,0.53436019,0,0.928571429,0.5,B,500/65,0.717768006
1,1,0,0.239336493,0,0.642857143,0.5,B,500/65,0.450448503
1,1,0,0.239336493,0,0.714285714,0.5,B,500/65,0.496416282
1,1,0,0.239336493,0,0.785714286,0.5,B,500/65,0.538950986
1,1,0,0.239336493,0,0.857142857,0.5,B,500/65,0.576115567
1,1,0,0.239336493,0,0.928571429,0.5,B,500/65,0.608954215
1,1,0,0.239336493,0,0.642857143,0.5,B,500/65,0.518970251
1,1,0,0.239336493,0,0.714285714,0.5,B,500/65,0.566729447
1,1,0,0.239336493,0,0.785714286,0.5,B,500/65,0.60889722
1,1,0,0.239336493,0,0.857142857,0.5,B,500/65,0.645138283
1,1,0,0.239336493,0,0.928571429,0.5,B,500/65,0.675707148
1,1,0,0.239336493,0,0.642857143,0.5,B,500/65,0.489271643
1,1,0,0.239336493,0,0.714285714,0.5,B,500/65,0.544684896
1,1,0,0.239336493,0,0.785714286,0.5,B,500/65,0.595953619
1,1,0,0.239336493,0,0.857142857,0.5,B,500/65,0.641781857
1,1,0,0.239336493,0,0.928571429,0.5,B,500/65,0.68121858
0.8,1,1,0.239336493,0.666666667,0.642857143,0.5,C,500/65,0.446564774
0.8,1,1,0.239336493,0.666666667,0.714285714,0.5,C,500/65,0.497979128
0.8,1,1,0.239336493,0.666666667,0.785714286,0.5,C,500/65,0.544516073
0.8,1,1,0.239336493,0.666666667,0.857142857,0.5,C,500/65,0.584825608
0.8,1,1,0.239336493,0.666666667,0.928571429,0.5,C,500/65,0.617998758
0.8,1,1,0.239336493,0.666666667,0.642857143,0.5,C,500/65,0.492067944
0.8,1,1,0.239336493,0.666666667,0.714285714,0.5,C,500/65,0.543710869
0.8,1,1,0.239336493,0.666666667,0.785714286,0.5,C,500/65,0.590105915
0.8,1,1,0.239336493,0.666666667,0.857142857,0.5,C,500/65,0.629880481
0.8,1,1,0.239336493,0.666666667,0.928571429,0.5,C,500/65,0.662138368
0.8,1,1,0.239336493,0.666666667,0.642857143,0.5,C,500/65,0.470067024
0.8,1,1,0.239336493,0.666666667,0.714285714,0.5,C,500/65,0.521612271
0.8,1,1,0.239336493,0.666666667,0.785714286,0.5,C,500/65,0.568089076
0.8,1,1,0.239336493,0.666666667,0.857142857,0.5,C,500/65,0.608135647
0.8,1,1,0.239336493,0.666666667,0.928571429,0.5,C,500/65,0.640848709
0.8,1,1,0.239336493,0.666666667,0.642857143,0.5,C,500/65,0.452741281
0.8,1,1,0.239336493,0.666666667,0.714285714,0.5,C,500/65,0.504796536
0.8,1,1,0.239336493,0.666666667,0.785714286,0.5,C,500/65,0.552016047
0.8,1,1,0.239336493,0.666666667,0.857142857,0.5,C,500/65,0.593023871
0.8,1,1,0.239336493,0.666666667,0.928571429,0.5,C,500/65,0.626867402
0.8,1,1,0.239336493,0.666666667,0.642857143,0.5,C,500/65,0.516072145
0.8,1,1,0.239336493,0.666666667,0.714285714,0.5,C,500/65,0.568915702
0.8,1,1,0.239336493,0.666666667,0.785714286,0.5,C,500/65,0.616222081
0.8,1,1,0.239336493,0.666666667,0.857142857,0.5,C,500/65,0.656564634
0.8,1,1,0.239336493,0.666666667,0.928571429,0.5,C,500/65,0.689016894
0.8,1,1,0.239336493,0.666666667,0.642857143,0.5,C,500/65,0.48543351
0.8,1,1,0.239336493,0.666666667,0.714285714,0.5,C,500/65,0.537943351
0.8,1,1,0.239336493,0.666666667,0.785714286,0.5,C,500/65,0.585261915
0.8,1,1,0.239336493,0.666666667,0.857142857,0.5,C,500/65,0.625985746
0.8,1,1,0.239336493,0.666666667,0.928571429,0.5,C,500/65,0.659172458
1,1,1,0.53436019,0,0.642857143,0.5,B,500/65,0.470937675
1,1,1,0.53436019,0,0.714285714,0.5,B,500/65,0.525487549
1,1,1,0.53436019,0,0.785714286,0.5,B,500/65,0.576006883
1,1,1,0.53436019,0,0.857142857,0.5,B,500/65,0.621836105
1,1,1,0.53436019,0,0.928571429,0.5,B,500/65,0.662622434
1,1,1,0.53436019,0,0.642857143,0.5,B,500/65,0.52372522
1,1,1,0.53436019,0,0.714285714,0.5,B,500/65,0.578444115
1,1,1,0.53436019,0,0.785714286,0.5,B,500/65,0.62882155
1,1,1,0.53436019,0,0.857142857,0.5,B,500/65,0.674178498
1,1,1,0.53436019,0,0.928571429,0.5,B,500/65,0.714272827
1,1,1,0.53436019,0,0.642857143,0.5,B,500/65,0.498183525
1,1,1,0.53436019,0,0.714285714,0.5,B,500/65,0.552822823
1,1,1,0.53436019,0,0.785714286,0.5,B,500/65,0.603292237
1,1,1,0.53436019,0,0.857142857,0.5,B,500/65,0.648876773
1,1,1,0.53436019,0,0.928571429,0.5,B,500/65,0.689307373
1,1,1,0.239336493,0,0.642857143,0.5,B,500/65,0.454418707
1,1,1,0.239336493,0,0.714285714,0.5,B,500/65,0.501582402
1,1,1,0.239336493,0,0.785714286,0.5,B,500/65,0.54458427
1,1,1,0.239336493,0,0.857142857,0.5,B,500/65,0.582024983
1,1,1,0.239336493,0,0.928571429,0.5,B,500/65,0.613947778
1,1,1,0.239336493,0,0.642857143,0.5,B,500/65,0.52400823
1,1,1,0.239336493,0,0.714285714,0.5,B,500/65,0.572355655
1,1,1,0.239336493,0,0.785714286,0.5,B,500/65,0.614964061
1,1,1,0.239336493,0,0.857142857,0.5,B,500/65,0.651393207
1,1,1,0.239336493,0,0.928571429,0.5,B,500/65,0.681812509
1,1,1,0.239336493,0,0.642857143,0.5,B,500/65,0.489902128
1,1,1,0.239336493,0,0.714285714,0.5,B,500/65,0.538133007
1,1,1,0.239336493,0,0.785714286,0.5,B,500/65,0.580980792
1,1,1,0.239336493,0,0.857142857,0.5,B,500/65,0.617945301
1,1,1,0.239336493,0,0.928571429,0.5,B,500/65,0.649102788
0.8,1,0,0.239336493,0.666666667,0.642857143,0.5,C,500/65,0.441565905
0.8,1,0,0.239336493,0.666666667,0.714285714,0.5,C,500/65,0.492520957
0.8,1,0,0.239336493,0.666666667,0.785714286,0.5,C,500/65,0.538688415
0.8,1,0,0.239336493,0.666666667,0.857142857,0.5,C,500/65,0.578814583
0.8,1,0,0.239336493,0.666666667,0.928571429,0.5,C,500/65,0.6120974
0.8,1,0,0.239336493,0.666666667,0.642857143,0.5,C,500/65,0.465591332
0.8,1,0,0.239336493,0.666666667,0.714285714,0.5,C,500/65,0.516671773
0.8,1,0,0.239336493,0.666666667,0.785714286,0.5,C,500/65,0.56277693
0.8,1,0,0.239336493,0.666666667,0.857142857,0.5,C,500/65,0.602647013
0.8,1,0,0.239336493,0.666666667,0.928571429,0.5,C,500/65,0.635490771
0.8,1,0,0.239336493,0.666666667,0.642857143,0.5,C,500/65,0.453987902
0.8,1,0,0.239336493,0.666666667,0.714285714,0.5,C,500/65,0.505011349
0.8,1,0,0.239336493,0.666666667,0.785714286,0.5,C,500/65,0.551150113
0.8,1,0,0.239336493,0.666666667,0.857142857,0.5,C,500/65,0.59114755
0.8,1,0,0.239336493,0.666666667,0.928571429,0.5,C,500/65,0.624206318
0.8,1,0,0.239336493,0.666666667,0.642857143,0.5,C,500/65,0.447128436
0.8,1,0,0.239336493,0.666666667,0.714285714,0.5,C,500/65,0.49836984
0.8,1,0,0.239336493,0.666666667,0.785714286,0.5,C,500/65,0.544849003
0.8,1,0,0.239336493,0.666666667,0.857142857,0.5,C,500/65,0.585290609
0.8,1,0,0.239336493,0.666666667,0.928571429,0.5,C,500/65,0.618861154
0.8,1,0,0.239336493,0.666666667,0.642857143,0.5,C,500/65,0.507367215
0.8,1,0,0.239336493,0.666666667,0.714285714,0.5,C,500/65,0.559095632
0.8,1,0,0.239336493,0.666666667,0.785714286,0.5,C,500/65,0.605538436
0.8,1,0,0.239336493,0.666666667,0.857142857,0.5,C,500/65,0.645397316
0.8,1,0,0.239336493,0.666666667,0.928571429,0.5,C,500/65,0.677869033
0.8,1,0,0.239336493,0.666666667,0.642857143,0.5,C,500/65,0.47821576
0.8,1,0,0.239336493,0.666666667,0.714285714,0.5,C,500/65,0.529734672
0.8,1,0,0.239336493,0.666666667,0.785714286,0.5,C,500/65,0.5762215
0.8,1,0,0.239336493,0.666666667,0.857142857,0.5,C,500/65,0.616388743
0.8,1,0,0.239336493,0.666666667,0.928571429,0.5,C,500/65,0.649417244
1,1,0,0.53436019,0,0.642857143,0.5,B,500/65,0.463636987
1,1,0,0.53436019,0,0.714285714,0.5,B,500/65,0.517530828
1,1,0,0.53436019,0,0.785714286,0.5,B,500/65,0.567399434
1,1,0,0.53436019,0,0.857142857,0.5,B,500/65,0.612607016
1,1,0,0.53436019,0,0.928571429,0.5,B,500/65,0.65299143
1,1,0,0.53436019,0,0.642857143,0.5,B,500/65,0.491368672
1,1,0,0.53436019,0,0.714285714,0.5,B,500/65,0.545337982
1,1,0,0.53436019,0,0.785714286,0.5,B,500/65,0.595114021
1,1,0,0.53436019,0,0.857142857,0.5,B,500/65,0.64012998
1,1,0,0.53436019,0,0.928571429,0.5,B,500/65,0.680147071
1,1,0,0.53436019,0,0.642857143,0.5,B,500/65,0.479206297
1,1,0,0.53436019,0,0.714285714,0.5,B,500/65,0.539081682
1,1,0,0.53436019,0,0.785714286,0.5,B,500/65,0.596062106
1,1,0,0.53436019,0,0.857142857,0.5,B,500/65,0.650841534
1,1,0,0.53436019,0,0.928571429,0.5,B,500/65,0.703046745
1,1,0,0.239336493,0,0.642857143,0.5,B,500/65,0.44657067
1,1,0,0.239336493,0,0.714285714,0.5,B,500/65,0.492357243
1,1,0,0.239336493,0,0.785714286,0.5,B,500/65,0.534646476
1,1,0,0.239336493,0,0.857142857,0.5,B,500/65,0.571595065
1,1,0,0.239336493,0,0.928571429,0.5,B,500/65,0.604812043
1,1,0,0.239336493,0,0.642857143,0.5,B,500/65,0.511391073
1,1,0,0.239336493,0,0.714285714,0.5,B,500/65,0.558704331
1,1,0,0.239336493,0,0.785714286,0.5,B,500/65,0.600600886
1,1,0,0.239336493,0,0.857142857,0.5,B,500/65,0.636741913
1,1,0,0.239336493,0,0.928571429,0.5,B,500/65,0.667359125
1,1,0,0.239336493,0,0.642857143,0.5,B,500/65,0.484924288
1,1,0,0.239336493,0,0.714285714,0.5,B,500/65,0.539889638
1,1,0,0.239336493,0,0.785714286,0.5,B,500/65,0.59074544
1,1,0,0.239336493,0,0.857142857,0.5,B,500/65,0.636213233
1,1,0,0.239336493,0,0.928571429,0.5,B,500/65,0.675357905
0.8,1,1,0.239336493,0.666666667,0.642857143,0.5,C,500/65,0.444427455
0.8,1,1,0.239336493,0.666666667,0.714285714,0.5,C,500/65,0.495750421
0.8,1,1,0.239336493,0.666666667,0.785714286,0.5,C,500/65,0.542183005
0.8,1,1,0.239336493,0.666666667,0.857142857,0.5,C,500/65,0.582381891
0.8,1,1,0.239336493,0.666666667,0.928571429,0.5,C,500/65,0.615450485
0.8,1,1,0.239336493,0.666666667,0.642857143,0.5,C,500/65,0.46845642
0.8,1,1,0.239336493,0.666666667,0.714285714,0.5,C,500/65,0.51991244
0.8,1,1,0.239336493,0.666666667,0.785714286,0.5,C,500/65,0.566280757
0.8,1,1,0.239336493,0.666666667,0.857142857,0.5,C,500/65,0.606207048
0.8,1,1,0.239336493,0.666666667,0.928571429,0.5,C,500/65,0.638801403
0.8,1,1,0.239336493,0.666666667,0.642857143,0.5,C,500/65,0.456851615
0.8,1,1,0.239336493,0.666666667,0.714285714,0.5,C,500/65,0.508247102
0.8,1,1,0.239336493,0.666666667,0.785714286,0.5,C,500/65,0.554650009
0.8,1,1,0.239336493,0.666666667,0.857142857,0.5,C,500/65,0.59471191
0.8,1,1,0.239336493,0.666666667,0.928571429,0.5,C,500/65,0.627538766
0.8,1,1,0.239336493,0.666666667,0.642857143,0.5,C,500/65,0.449969743
0.8,1,1,0.239336493,0.666666667,0.714285714,0.5,C,500/65,0.501598518
0.8,1,1,0.239336493,0.666666667,0.785714286,0.5,C,500/65,0.548369535
0.8,1,1,0.239336493,0.666666667,0.857142857,0.5,C,500/65,0.588919629
0.8,1,1,0.239336493,0.666666667,0.928571429,0.5,C,500/65,0.622320367
0.8,1,1,0.239336493,0.666666667,0.642857143,0.5,C,500/65,0.510270823
0.8,1,1,0.239336493,0.666666667,0.714285714,0.5,C,500/65,0.562406462
0.8,1,1,0.239336493,0.666666667,0.785714286,0.5,C,500/65,0.609134635
0.8,1,1,0.239336493,0.666666667,0.857142857,0.5,C,500/65,0.649055227
0.8,1,1,0.239336493,0.666666667,0.928571429,0.5,C,500/65,0.681257298
0.8,1,1,0.239336493,0.666666667,0.642857143,0.5,C,500/65,0.481091068
0.8,1,1,0.239336493,0.666666667,0.714285714,0.5,C,500/65,0.53300816
0.8,1,1,0.239336493,0.666666667,0.785714286,0.5,C,500/65,0.579784877
0.8,1,1,0.239336493,0.666666667,0.857142857,0.5,C,500/65,0.620039185
0.8,1,1,0.239336493,0.666666667,0.928571429,0.5,C,500/65,0.652849729
1,1,1,0.53436019,0,0.642857143,0.5,B,500/65,0.468283076
1,1,1,0.53436019,0,0.714285714,0.5,B,500/65,0.522876385
1,1,1,0.53436019,0,0.785714286,0.5,B,500/65,0.573428737
1,1,1,0.53436019,0,0.857142857,0.5,B,500/65,0.619274664
1,1,1,0.53436019,0,0.928571429,0.5,B,500/65,0.660101872
1,1,1,0.53436019,0,0.642857143,0.5,B,500/65,0.496097698
1,1,1,0.53436019,0,0.714285714,0.5,B,500/65,0.5507822
1,1,1,0.53436019,0,0.785714286,0.5,B,500/65,0.601265371
1,1,1,0.53436019,0,0.857142857,0.5,B,500/65,0.646884693
1,1,1,0.53436019,0,0.928571429,0.5,B,500/65,0.687345953
1,1,1,0.53436019,0,0.642857143,0.5,B,500/65,0.482659614
1,1,1,0.53436019,0,0.714285714,0.5,B,500/65,0.537302843
1,1,1,0.53436019,0,0.785714286,0.5,B,500/65,0.58781412
1,1,1,0.53436019,0,0.857142857,0.5,B,500/65,0.633555687
1,1,1,0.53436019,0,0.928571429,0.5,B,500/65,0.674193631
1,1,1,0.239336493,0,0.642857143,0.5,B,500/65,0.450526134
1,1,1,0.239336493,0,0.714285714,0.5,B,500/65,0.497501352
1,1,1,0.239336493,0,0.785714286,0.5,B,500/65,0.540245759
1,1,1,0.239336493,0,0.857142857,0.5,B,500/65,0.577449844
1,1,1,0.239336493,0,0.928571429,0.5,B,500/65,0.609741338
1,1,1,0.239336493,0,0.642857143,0.5,B,500/65,0.516267894
1,1,1,0.239336493,0,0.714285714,0.5,B,500/65,0.564159751
1,1,1,0.239336493,0,0.785714286,0.5,B,500/65,0.606484753
1,1,1,0.239336493,0,0.857142857,0.5,B,500/65,0.642801678
1,1,1,0.239336493,0,0.928571429,0.5,B,500/65,0.67326068
1,1,1,0.239336493,0,0.642857143,0.5,B,500/65,0.48403477
1,1,1,0.239336493,0,0.714285714,0.5,B,500/65,0.531884765
1,1,1,0.239336493,0,0.785714286,0.5,B,500/65,0.574437748
1,1,1,0.239336493,0,0.857142857,0.5,B,500/65,0.611205721
1,1,1,0.239336493,0,0.928571429,0.5,B,500/65,0.642268675
0.4,1,0,0.239336493,0.666666667,0.642857143,0.333333333,C,500/45,0.35563921
0.4,1,0,0.239336493,0.666666667,0.714285714,0.333333333,C,500/45,0.408572387
0.4,1,0,0.239336493,0.666666667,0.785714286,0.333333333,C,500/45,0.461595774
0.4,1,0,0.239336493,0.666666667,0.857142857,0.333333333,C,500/45,0.513039413
0.4,1,0,0.239336493,0.666666667,0.928571429,0.333333333,C,500/45,0.561521464
0.4,1,0,0.239336493,0.666666667,0.642857143,0.333333333,C,500/45,0.371563855
0.4,1,0,0.239336493,0.666666667,0.714285714,0.333333333,C,500/45,0.425321693
0.4,1,0,0.239336493,0.666666667,0.785714286,0.333333333,C,500/45,0.478730879
0.4,1,0,0.239336493,0.666666667,0.857142857,0.333333333,C,500/45,0.530491725
0.4,1,0,0.239336493,0.666666667,0.928571429,0.333333333,C,500/45,0.579204116
0.4,1,0,0.239336493,0.666666667,0.642857143,0.333333333,C,500/45,0.363762986
0.4,1,0,0.239336493,0.666666667,0.714285714,0.333333333,C,500/45,0.417237028
0.4,1,0,0.239336493,0.666666667,0.785714286,0.333333333,C,500/45,0.470463829
0.4,1,0,0.239336493,0.666666667,0.857142857,0.333333333,C,500/45,0.522072949
0.4,1,0,0.239336493,0.666666667,0.928571429,0.333333333,C,500/45,0.570675477
0.4,1,0,0.239336493,0.666666667,0.642857143,0.333333333,C,500/45,0.357895432
0.4,1,0,0.239336493,0.666666667,0.714285714,0.333333333,C,500/45,0.410649369
0.4,1,0,0.239336493,0.666666667,0.785714286,0.333333333,C,500/45,0.463848459
0.4,1,0,0.239336493,0.666666667,0.857142857,0.333333333,C,500/45,0.51549276
0.4,1,0,0.239336493,0.666666667,0.928571429,0.333333333,C,500/45,0.564206133
0.4,1,0,0.239336493,0.666666667,0.642857143,0.333333333,C,500/45,0.400557688
0.4,1,0,0.239336493,0.666666667,0.714285714,0.333333333,C,500/45,0.453350343
0.4,1,0,0.239336493,0.666666667,0.785714286,0.333333333,C,500/45,0.507810794
0.4,1,0,0.239336493,0.666666667,0.857142857,0.333333333,C,500/45,0.56053191
0.4,1,0,0.239336493,0.666666667,0.928571429,0.333333333,C,500/45,0.610094119
0.4,1,0,0.239336493,0.666666667,0.642857143,0.333333333,C,500/45,0.379978306
0.4,1,0,0.239336493,0.666666667,0.714285714,0.333333333,C,500/45,0.432741088
0.4,1,0,0.239336493,0.666666667,0.785714286,0.333333333,C,500/45,0.486598963
0.4,1,0,0.239336493,0.666666667,0.857142857,0.333333333,C,500/45,0.538808105
0.4,1,0,0.239336493,0.666666667,0.928571429,0.333333333,C,500/45,0.5879627
0.4,1,0,0,0,0.642857143,0.333333333,B,500/45,0.350710111
0.4,1,0,0,0,0.714285714,0.333333333,B,500/45,0.401505183
0.4,1,0,0,0,0.785714286,0.333333333,B,500/45,0.452292002
0.4,1,0,0,0,0.857142857,0.333333333,B,500/45,0.500839106
0.4,1,0,0,0,0.928571429,0.333333333,B,500/45,0.545623941
0.4,1,0,0,0,0.642857143,0.333333333,B,500/45,0.366433897
0.4,1,0,0,0,0.714285714,0.333333333,B,500/45,0.418379289
0.4,1,0,0,0,0.785714286,0.333333333,B,500/45,0.469567236
0.4,1,0,0,0,0.857142857,0.333333333,B,500/45,0.518429976
0.4,1,0,0,0,0.928571429,0.333333333,B,500/45,0.56349959
0.4,1,0,0,0,0.642857143,0.333333333,B,500/45,0.358848234
0.4,1,0,0,0,0.714285714,0.333333333,B,500/45,0.410236842
0.4,1,0,0,0,0.785714286,0.333333333,B,500/45,0.461231398
0.4,1,0,0,0,0.857142857,0.333333333,B,500/45,0.509942217
0.4,1,0,0,0,0.928571429,0.333333333,B,500/45,0.554880348
0.4,1,0,0.239336493,0,0.642857143,0.333333333,B,500/45,0.362011662
0.4,1,0,0.239336493,0,0.714285714,0.333333333,B,500/45,0.41652164
0.4,1,0,0.239336493,0,0.785714286,0.333333333,B,500/45,0.471294779
0.4,1,0,0.239336493,0,0.857142857,0.333333333,B,500/45,0.525050455
0.4,1,0,0.239336493,0,0.928571429,0.333333333,B,500/45,0.576532615
0.4,1,0,0.239336493,0,0.642857143,0.333333333,B,500/45,0.404441417
0.4,1,0,0.239336493,0,0.714285714,0.333333333,B,500/45,0.458661309
0.4,1,0,0.239336493,0,0.785714286,0.333333333,B,500/45,0.514661023
0.4,1,0,0.239336493,0,0.857142857,0.333333333,B,500/45,0.569475434
0.4,1,0,0.239336493,0,0.928571429,0.333333333,B,500/45,0.621816452
0.4,1,0,0.239336493,0,0.642857143,0.333333333,B,500/45,0.383998431
0.4,1,0,0.239336493,0,0.714285714,0.333333333,B,500/45,0.43836317
0.4,1,0,0.239336493,0,0.785714286,0.333333333,B,500/45,0.493769741
0.4,1,0,0.239336493,0,0.857142857,0.333333333,B,500/45,0.548069623
0.4,1,0,0.239336493,0,0.928571429,0.333333333,B,500/45,0.599993396
0.4,1,0,0.239336493,1,0.642857143,0.333333333,C,500/45,0.348997111
0.4,1,0,0.239336493,1,0.714285714,0.333333333,C,500/45,0.399069328
0.4,1,0,0.239336493,1,0.785714286,0.333333333,C,500/45,0.449007311
0.4,1,0,0.239336493,1,0.857142857,0.333333333,C,500/45,0.496401345
0.4,1,0,0.239336493,1,0.928571429,0.333333333,C,500/45,0.539635321
0.4,1,0,0.239336493,1,0.642857143,0.333333333,C,500/45,0.364753916
0.4,1,0,0.239336493,1,0.714285714,0.333333333,C,500/45,0.416024996
0.4,1,0,0.239336493,1,0.785714286,0.333333333,C,500/45,0.4663702
0.4,1,0,0.239336493,1,0.857142857,0.333333333,C,500/45,0.514081048
0.4,1,0,0.239336493,1,0.928571429,0.333333333,C,500/45,0.557511756
0.4,1,0,0.239336493,1,0.642857143,0.333333333,C,500/45,0.357150761
0.4,1,0,0.239336493,1,0.714285714,0.333333333,C,500/45,0.407840294
0.4,1,0,0.239336493,1,0.785714286,0.333333333,C,500/45,0.457990142
0.4,1,0,0.239336493,1,0.857142857,0.333333333,C,500/45,0.505549265
0.4,1,0,0.239336493,1,0.928571429,0.333333333,C,500/45,0.54888603
0.4,1,0,0.239336493,1,0.642857143,0.333333333,C,500/45,0.35143729
0.4,1,0,0.239336493,1,0.714285714,0.333333333,C,500/45,0.401449957
0.4,1,0,0.239336493,1,0.785714286,0.333333333,C,500/45,0.451623389
0.4,1,0,0.239336493,1,0.857142857,0.333333333,C,500/45,0.499296503
0.4,1,0,0.239336493,1,0.928571429,0.333333333,C,500/45,0.542856138
0.4,1,0,0.239336493,1,0.642857143,0.333333333,C,500/45,0.394319862
0.4,1,0,0.239336493,1,0.714285714,0.333333333,C,500/45,0.444792224
0.4,1,0,0.239336493,1,0.785714286,0.333333333,C,500/45,0.496302684
0.4,1,0,0.239336493,1,0.857142857,0.333333333,C,500/45,0.545072463
0.4,1,0,0.239336493,1,0.928571429,0.333333333,C,500/45,0.589391706
0.4,1,0,0.239336493,1,0.642857143,0.333333333,C,500/45,0.357150761
0.4,1,0,0.239336493,1,0.714285714,0.333333333,C,500/45,0.407840294
0.4,1,0,0.239336493,1,0.785714286,0.333333333,C,500/45,0.457990142
0.4,1,0,0.239336493,1,0.857142857,0.333333333,C,500/45,0.505549265
0.4,1,0,0.239336493,1,0.928571429,0.333333333,C,500/45,0.54888603
0.4,0.421182266,0,0,0,0.642857143,0.333333333,B,500/45,0.402746892
0.4,0.421182266,0,0,0,0.714285714,0.333333333,B,500/45,0.45045715
0.4,0.421182266,0,0,0,0.785714286,0.333333333,B,500/45,0.494018751
0.4,0.421182266,0,0,0,0.857142857,0.333333333,B,500/45,0.532058109
0.4,0.421182266,0,0,0,0.928571429,0.333333333,B,500/45,0.563267285
0.4,0.421182266,0,0,0,0.642857143,0.333333333,B,500/45,0.42249041
0.4,0.421182266,0,0,0,0.714285714,0.333333333,B,500/45,0.470361041
0.4,0.421182266,0,0,0,0.785714286,0.333333333,B,500/45,0.513930896
0.4,0.421182266,0,0,0,0.857142857,0.333333333,B,500/45,0.551880831
0.4,0.421182266,0,0,0,0.928571429,0.333333333,B,500/45,0.584327195
0.4,0.421182266,0,0,0,0.642857143,0.333333333,B,500/45,0.412959049
0.4,0.421182266,0,0,0,0.714285714,0.333333333,B,500/45,0.460753818
0.4,0.421182266,0,0,0,0.785714286,0.333333333,B,500/45,0.504321118
0.4,0.421182266,0,0,0,0.857142857,0.333333333,B,500/45,0.542311146
0.4,0.421182266,0,0,0,0.928571429,0.333333333,B,500/45,0.573607387
0.4,0.421182266,0,0.239336493,0,0.642857143,0.333333333,B,500/45,0.425022764
0.4,0.421182266,0,0.239336493,0,0.714285714,0.333333333,B,500/45,0.478492482
0.4,0.421182266,0,0.239336493,0,0.785714286,0.333333333,B,500/45,0.529314873
0.4,0.421182266,0,0.239336493,0,0.857142857,0.333333333,B,500/45,0.579953307
0.4,0.421182266,0,0.239336493,0,0.928571429,0.333333333,B,500/45,0.627162598
0.4,0.421182266,0,0.239336493,0,0.642857143,0.333333333,B,500/45,0.47620108
0.4,0.421182266,0,0.239336493,0,0.714285714,0.333333333,B,500/45,0.530400729
0.4,0.421182266,0,0.239336493,0,0.785714286,0.333333333,B,500/45,0.581662179
0.4,0.421182266,0,0.239336493,0,0.857142857,0.333333333,B,500/45,0.63505348
0.4,0.421182266,0,0.239336493,0,0.928571429,0.333333333,B,500/45,0.683018055
0.4,0.421182266,0,0.239336493,0,0.642857143,0.333333333,B,500/45,0.451499965
0.4,0.421182266,0,0.239336493,0,0.714285714,0.333333333,B,500/45,0.505345458
0.4,0.421182266,0,0.239336493,0,0.785714286,0.333333333,B,500/45,0.556394651
0.4,0.421182266,0,0.239336493,0,0.857142857,0.333333333,B,500/45,0.608437918
0.4,0.421182266,0,0.239336493,0,0.928571429,0.333333333,B,500/45,0.65605325
0.4,1,0,0,0,0.642857143,0.333333333,A,500/45,0.34969599
0.4,1,0,0,0,0.714285714,0.333333333,A,500/45,0.402655896
0.4,1,0,0,0,0.785714286,0.333333333,A,500/45,0.455167309
0.4,1,0,0,0,0.857142857,0.333333333,A,500/45,0.505327377
0.4,1,0,0,0,0.928571429,0.333333333,A,500/45,0.551416811
0.4,1,0,0,0,0.642857143,0.333333333,A,500/45,0.365686474
0.4,1,0,0,0,0.714285714,0.333333333,A,500/45,0.419490695
0.4,1,0,0,0,0.785714286,0.333333333,A,500/45,0.472465538
0.4,1,0,0,0,0.857142857,0.333333333,A,500/45,0.522995878
0.4,1,0,0,0,0.928571429,0.333333333,A,500/45,0.569333143
0.4,1,0,0,0,0.642857143,0.333333333,A,500/45,0.357819569
0.4,1,0,0,0,0.714285714,0.333333333,A,500/45,0.411367115
0.4,1,0,0,0,0.785714286,0.333333333,A,500/45,0.464118695
0.4,1,0,0,0,0.857142857,0.333333333,A,500/45,0.514470384
0.4,1,0,0,0,0.928571429,0.333333333,A,500/45,0.560688549
0.4,1,0,0.239336493,0,0.642857143,0.333333333,A,500/45,0.358140904
0.4,1,0,0.239336493,0,0.714285714,0.333333333,A,500/45,0.414346783
0.4,1,0,0.239336493,0,0.785714286,0.333333333,A,500/45,0.470739174
0.4,1,0,0.239336493,0,0.857142857,0.333333333,A,500/45,0.52600365
0.4,1,0,0.239336493,0,0.928571429,0.333333333,A,500/45,0.578730073
0.4,1,0,0.239336493,0,0.642857143,0.333333333,A,500/45,0.374216292
0.4,1,0,0.239336493,0,0.714285714,0.333333333,A,500/45,0.430905647
0.4,1,0,0.239336493,0,0.785714286,0.333333333,A,500/45,0.487724716
0.4,1,0,0.239336493,0,0.857142857,0.333333333,A,500/45,0.543349834
0.4,1,0,0.239336493,0,0.928571429,0.333333333,A,500/45,0.596347868
0.4,1,0,0.239336493,0,0.642857143,0.333333333,A,500/45,0.366462788
0.4,1,0,0.239336493,0,0.714285714,0.333333333,A,500/45,0.422919053
0.4,1,0,0.239336493,0,0.785714286,0.333333333,A,500/45,0.479533135
0.4,1,0,0.239336493,0,0.857142857,0.333333333,A,500/45,0.53498373
0.4,1,0,0.239336493,0,0.928571429,0.333333333,A,500/45,0.587852444
0,1,0,0.239336493,0.666666667,0.642857143,0.333333333,C,500/45,0.240264882
0,1,0,0.239336493,0.666666667,0.714285714,0.333333333,C,500/45,0.277764752
0,1,0,0.239336493,0.666666667,0.785714286,0.333333333,C,500/45,0.316010865
0,1,0,0.239336493,0.666666667,0.857142857,0.333333333,C,500/45,0.354503434
0,1,0,0.239336493,0.666666667,0.928571429,0.333333333,C,500/45,0.39376072
0,1,0,0.239336493,0.666666667,0.642857143,0.333333333,C,500/45,0.249956418
0,1,0,0.239336493,0.666666667,0.714285714,0.333333333,C,500/45,0.287578336
0,1,0,0.239336493,0.666666667,0.785714286,0.333333333,C,500/45,0.325926058
0,1,0,0.239336493,0.666666667,0.857142857,0.333333333,C,500/45,0.364506478
0,1,0,0.239336493,0.666666667,0.928571429,0.333333333,C,500/45,0.403843164
0,1,0,0.239336493,0.666666667,0.642857143,0.333333333,C,500/45,0.245283208
0,1,0,0.239336493,0.666666667,0.714285714,0.333333333,C,500/45,0.282846952
0,1,0,0.239336493,0.666666667,0.785714286,0.333333333,C,500/45,0.32114613
0,1,0,0.239336493,0.666666667,0.857142857,0.333333333,C,500/45,0.359685473
0,1,0,0.239336493,0.666666667,0.928571429,0.333333333,C,500/45,0.398981477
0,1,0,0.239336493,0.666666667,0.642857143,0.333333333,C,500/45,0.241104676
0,1,0,0.239336493,0.666666667,0.714285714,0.333333333,C,500/45,0.278620269
0,1,0,0.239336493,0.666666667,0.785714286,0.333333333,C,500/45,0.316887412
0,1,0,0.239336493,0.666666667,0.857142857,0.333333333,C,500/45,0.355407691
0,1,0,0.239336493,0.666666667,0.928571429,0.333333333,C,500/45,0.394421274
0,1,0,0.239336493,0.666666667,0.642857143,0.333333333,C,500/45,0.268527998
0,1,0,0.239336493,0.666666667,0.714285714,0.333333333,C,500/45,0.306429192
0,1,0,0.239336493,0.666666667,0.785714286,0.333333333,C,500/45,0.345039092
0,1,0,0.239336493,0.666666667,0.857142857,0.333333333,C,500/45,0.383852209
0,1,0,0.239336493,0.666666667,0.928571429,0.333333333,C,500/45,0.422327482
0,1,0,0.239336493,0.666666667,0.642857143,0.333333333,C,500/45,0.255319074
0,1,0,0.239336493,0.666666667,0.714285714,0.333333333,C,500/45,0.293040635
0,1,0,0.239336493,0.666666667,0.785714286,0.333333333,C,500/45,0.331487411
0,1,0,0.239336493,0.666666667,0.857142857,0.333333333,C,500/45,0.370164132
0,1,0,0.239336493,0.666666667,0.928571429,0.333333333,C,500/45,0.408526594
0,1,0,0,0,0.642857143,0.333333333,B,500/45,0.238644844
0,1,0,0,0,0.714285714,0.333333333,B,500/45,0.275666151
0,1,0,0,0,0.785714286,0.333333333,B,500/45,0.31331578
0,1,0,0,0,0.857142857,0.333333333,B,500/45,0.351068394
0,1,0,0,0,0.928571429,0.333333333,B,500/45,0.389712687
0,1,0,0,0,0.642857143,0.333333333,B,500/45,0.24837667
0,1,0,0,0,0.714285714,0.333333333,B,500/45,0.285535158
0,1,0,0,0,0.785714286,0.333333333,B,500/45,0.323306639
0,1,0,0,0,0.857142857,0.333333333,B,500/45,0.361155752
0,1,0,0,0,0.928571429,0.333333333,B,500/45,0.399985967
0,1,0,0,0,0.642857143,0.333333333,B,500/45,0.243686164
0,1,0,0,0,0.714285714,0.333333333,B,500/45,0.280777634
0,1,0,0,0,0.785714286,0.333333333,B,500/45,0.318491727
0,1,0,0,0,0.857142857,0.333333333,B,500/45,0.356295047
0,1,0,0,0,0.928571429,0.333333333,B,500/45,0.395036822
0,1,0,0.239336493,0,0.642857143,0.333333333,B,500/45,0.242822982
0,1,0,0.239336493,0,0.714285714,0.333333333,B,500/45,0.280630233
0,1,0,0.239336493,0,0.785714286,0.333333333,B,500/45,0.319295949
0,1,0,0.239336493,0,0.857142857,0.333333333,B,500/45,0.358344711
0,1,0,0.239336493,0,0.928571429,0.333333333,B,500/45,0.397877343
0,1,0,0.239336493,0,0.642857143,0.333333333,B,500/45,0.269990415
0,1,0,0.239336493,0,0.714285714,0.333333333,B,500/45,0.308165972
0,1,0,0.239336493,0,0.785714286,0.333333333,B,500/45,0.347152237
0,1,0,0.239336493,0,0.857142857,0.333333333,B,500/45,0.386471431
0,1,0,0.239336493,0,0.928571429,0.333333333,B,500/45,0.425607652
0,1,0,0.239336493,0,0.642857143,0.333333333,B,500/45,0.256935574
0,1,0,0.239336493,0,0.714285714,0.333333333,B,500/45,0.294934447
0,1,0,0.239336493,0,0.785714286,0.333333333,B,500/45,0.333764662
0,1,0,0.239336493,0,0.857142857,0.333333333,B,500/45,0.372954144
0,1,0,0.239336493,0,0.928571429,0.333333333,B,500/45,0.411985808
0,1,0,0.239336493,1,0.642857143,0.333333333,C,500/45,0.238036568
0,1,0,0.239336493,1,0.714285714,0.333333333,C,500/45,0.27489986
0,1,0,0.239336493,1,0.785714286,0.333333333,C,500/45,0.312338215
0,1,0,0.239336493,1,0.857142857,0.333333333,C,500/45,0.349808604
0,1,0,0.239336493,1,0.928571429,0.333333333,C,500/45,0.38831552
0,1,0,0.239336493,1,0.642857143,0.333333333,C,500/45,0.247802394
0,1,0,0.239336493,1,0.714285714,0.333333333,C,500/45,0.28480562
0,1,0,0.239336493,1,0.785714286,0.333333333,C,500/45,0.322366023
0,1,0,0.239336493,1,0.857142857,0.333333333,C,500/45,0.35993979
0,1,0,0.239336493,1,0.928571429,0.333333333,C,500/45,0.398680975
0,1,0,0.239336493,1,0.642857143,0.333333333,C,500/45,0.243093021
0,1,0,0.239336493,1,0.714285714,0.333333333,C,500/45,0.280029032
0,1,0,0.239336493,1,0.785714286,0.333333333,C,500/45,0.317530278
0,1,0,0.239336493,1,0.857142857,0.333333333,C,500/45,0.355056287
0,1,0,0.239336493,1,0.928571429,0.333333333,C,500/45,0.393682302
0,1,0,0.239336493,1,0.642857143,0.333333333,C,500/45,0.238929426
0,1,0,0.239336493,1,0.714285714,0.333333333,C,500/45,0.275813748
0,1,0,0.239336493,1,0.785714286,0.333333333,C,500/45,0.3132806
0,1,0,0.239336493,1,0.857142857,0.333333333,C,500/45,0.350789707
0,1,0,0.239336493,1,0.928571429,0.333333333,C,500/45,0.389083186
0,1,0,0.239336493,1,0.642857143,0.333333333,C,500/45,0.266590752
0,1,0,0.239336493,1,0.714285714,0.333333333,C,500/45,0.303921601
0,1,0,0.239336493,1,0.785714286,0.333333333,C,500/45,0.341789188
0,1,0,0.239336493,1,0.857142857,0.333333333,C,500/45,0.379646359
0,1,0,0.239336493,1,0.928571429,0.333333333,C,500/45,0.416896236
0,1,0,0.239336493,1,0.642857143,0.333333333,C,500/45,0.243093021
0,1,0,0.239336493,1,0.714285714,0.333333333,C,500/45,0.280029032
0,1,0,0.239336493,1,0.785714286,0.333333333,C,500/45,0.317530278
0,1,0,0.239336493,1,0.857142857,0.333333333,C,500/45,0.355056287
0,0.421182266,0,0.239336493,1,0.928571429,0.333333333,C,500/45,0.393682302
0,0.421182266,0,0,0,0.642857143,0.333333333,B,500/45,0.238644844
0,0.421182266,0,0,0,0.714285714,0.333333333,B,500/45,0.275666151
0,0.421182266,0,0,0,0.785714286,0.333333333,B,500/45,0.31331578
0,0.421182266,0,0,0,0.857142857,0.333333333,B,500/45,0.351068394
0,0.421182266,0,0,0,0.928571429,0.333333333,B,500/45,0.389712687
0,0.421182266,0,0,0,0.642857143,0.333333333,B,500/45,0.24837667
0,0.421182266,0,0,0,0.714285714,0.333333333,B,500/45,0.285535158
0,0.421182266,0,0,0,0.785714286,0.333333333,B,500/45,0.323306639
0,0.421182266,0,0,0,0.857142857,0.333333333,B,500/45,0.361155752
0,0.421182266,0,0,0,0.928571429,0.333333333,B,500/45,0.399985967
0,0.421182266,0,0,0,0.642857143,0.333333333,B,500/45,0.243686164
0,0.421182266,0,0,0,0.714285714,0.333333333,B,500/45,0.280777634
0,0.421182266,0,0,0,0.785714286,0.333333333,B,500/45,0.318491727
0,0.421182266,0,0,0,0.857142857,0.333333333,B,500/45,0.356295047
0,0.421182266,0,0,0,0.928571429,0.333333333,B,500/45,0.395036822
0,0.421182266,0,0.239336493,0,0.642857143,0.333333333,B,500/45,0.242822982
0,0.421182266,0,0.239336493,0,0.714285714,0.333333333,B,500/45,0.280630233
0,0.421182266,0,0.239336493,0,0.785714286,0.333333333,B,500/45,0.319295949
0,0.421182266,0,0.239336493,0,0.857142857,0.333333333,B,500/45,0.358344711
0,0.421182266,0,0.239336493,0,0.928571429,0.333333333,B,500/45,0.397877343
0,0.421182266,0,0.239336493,0,0.642857143,0.333333333,B,500/45,0.269990415
0,0.421182266,0,0.239336493,0,0.714285714,0.333333333,B,500/45,0.308165972
0,0.421182266,0,0.239336493,0,0.785714286,0.333333333,B,500/45,0.347152237
0,0.421182266,0,0.239336493,0,0.857142857,0.333333333,B,500/45,0.386471431
0,0.421182266,0,0.239336493,0,0.928571429,0.333333333,B,500/45,0.425607652
0,0.421182266,0,0.239336493,0,0.642857143,0.333333333,B,500/45,0.256935574
0,0.421182266,0,0.239336493,0,0.714285714,0.333333333,B,500/45,0.294934447
0,0.421182266,0,0.239336493,0,0.785714286,0.333333333,B,500/45,0.333764662
0,0.421182266,0,0.239336493,0,0.857142857,0.333333333,B,500/45,0.372954144
0,1,0,0.239336493,0,0.928571429,0.333333333,B,500/45,0.411985808
0,1,0,0,0,0.642857143,0.333333333,A,500/45,0.237018123
0,1,0,0,0,0.714285714,0.333333333,A,500/45,0.2751302
0,1,0,0,0,0.785714286,0.333333333,A,500/45,0.313974369
0,1,0,0,0,0.857142857,0.333333333,A,500/45,0.352959454
0,1,0,0,0,0.928571429,0.333333333,A,500/45,0.394500281
0,1,0,0,0,0.642857143,0.333333333,A,500/45,0.246669173
0,1,0,0,0,0.714285714,0.333333333,A,500/45,0.2849599
0,1,0,0,0,0.785714286,0.333333333,A,500/45,0.323961494
0,1,0,0,0,0.857142857,0.333333333,A,500/45,0.363081795
0,1,0,0,0,0.928571429,0.333333333,A,500/45,0.404880083
0,1,0,0,0,0.642857143,0.333333333,A,500/45,0.242017778
0,1,0,0,0,0.714285714,0.333333333,A,500/45,0.28022203
0,1,0,0,0,0.785714286,0.333333333,A,500/45,0.319146582
0,1,0,0,0,0.857142857,0.333333333,A,500/45,0.35820124
0,1,0,0,0,0.928571429,0.333333333,A,500/45,0.399878659
0,1,0,0.239336493,0,0.642857143,0.333333333,A,500/45,0.239683728
0,1,0,0.239336493,0,0.714285714,0.333333333,A,500/45,0.278602974
0,1,0,0.239336493,0,0.785714286,0.333333333,A,500/45,0.318477577
0,1,0,0.239336493,0,0.857142857,0.333333333,A,500/45,0.358773354
0,1,0,0.239336493,0,0.928571429,0.333333333,A,500/45,0.401409864
0,1,0,0.239336493,0,0.642857143,0.333333333,A,500/45,0.249238476
0,1,0,0.239336493,0,0.714285714,0.333333333,A,500/45,0.288313574
0,1,0,0.239336493,0,0.785714286,0.333333333,A,500/45,0.328322214
0,1,0,0.239336493,0,0.857142857,0.333333333,A,500/45,0.368729033
0,1,0,0.239336493,0,0.928571429,0.333333333,A,500/45,0.411425879
0,1,0,0.239336493,0,0.642857143,0.333333333,A,500/45,0.244635035
0,1,0,0.239336493,0,0.714285714,0.333333333,A,500/45,0.283635057
0,1,0,0.239336493,0,0.785714286,0.333333333,A,500/45,0.323578054
0,1,0,0.239336493,0,0.857142857,0.333333333,A,500/45,0.363932596
0,1,0,0.239336493,0,0.928571429,0.333333333,A,500/45,0.406600748
0,1,0,0.239336493,0.666666667,0.642857143,0.333333333,C,400/20,0.254560841
0,1,0,0.239336493,0.666666667,0.714285714,0.333333333,C,400/20,0.296324343
0,1,0,0.239336493,0.666666667,0.785714286,0.333333333,C,400/20,0.33907897
0,1,0,0.239336493,0.666666667,0.857142857,0.333333333,C,400/20,0.382144909
0,1,0,0.239336493,0.666666667,0.928571429,0.333333333,C,400/20,0.424778078
0,1,0,0.239336493,0.666666667,0.642857143,0.333333333,C,400/20,0.264209533
0,1,0,0.239336493,0.666666667,0.714285714,0.333333333,C,400/20,0.306148933
0,1,0,0.239336493,0.666666667,0.785714286,0.333333333,C,400/20,0.349066291
0,1,0,0.239336493,0.666666667,0.857142857,0.333333333,C,400/20,0.392278452
0,1,0,0.239336493,0.666666667,0.928571429,0.333333333,C,400/20,0.435036421
0,1,0,0.239336493,0.666666667,0.642857143,0.333333333,C,400/20,0.259558335
0,1,0,0.239336493,0.666666667,0.714285714,0.333333333,C,400/20,0.301414404
0,1,0,0.239336493,0.666666667,0.785714286,0.333333333,C,400/20,0.344251969
0,1,0,0.239336493,0.666666667,0.857142857,0.333333333,C,400/20,0.387396325
0,1,0,0.239336493,0.666666667,0.928571429,0.333333333,C,400/20,0.430090616
0,1,0,0.239336493,0.666666667,0.642857143,0.333333333,C,400/20,0.255323594
0,1,0,0.239336493,0.666666667,0.714285714,0.333333333,C,400/20,0.297117558
0,1,0,0.239336493,0.666666667,0.785714286,0.333333333,C,400/20,0.339910117
0,1,0,0.239336493,0.666666667,0.857142857,0.333333333,C,400/20,0.383025582
0,1,0,0.239336493,0.666666667,0.928571429,0.333333333,C,400/20,0.425709064
0,1,0,0.239336493,0.666666667,0.642857143,0.333333333,C,400/20,0.282405141
0,1,0,0.239336493,0.666666667,0.714285714,0.333333333,C,400/20,0.32475923
0,1,0,0.239336493,0.666666667,0.785714286,0.333333333,C,400/20,0.368075947
0,1,0,0.239336493,0.666666667,0.857142857,0.333333333,C,400/20,0.411671548
0,1,0,0.239336493,0.666666667,0.928571429,0.333333333,C,400/20,0.454781314
0,1,0,0.239336493,0.666666667,0.642857143,0.333333333,C,400/20,0.269372705
0,1,0,0.239336493,0.666666667,0.714285714,0.333333333,C,400/20,0.31146442
0,1,0,0.239336493,0.666666667,0.785714286,0.333333333,C,400/20,0.354533503
0,1,0,0.239336493,0.666666667,0.857142857,0.333333333,C,400/20,0.397898765
0,1,0,0.239336493,0.666666667,0.928571429,0.333333333,C,400/20,0.440803545
0,1,0,0,0,0.642857143,0.333333333,B,400/20,0.253088401
0,1,0,0,0,0.714285714,0.333333333,B,400/20,0.294364888
0,1,0,0,0,0.785714286,0.333333333,B,400/20,0.33648058
0,1,0,0,0,0.857142857,0.333333333,B,400/20,0.37872343
0,1,0,0,0,0.928571429,0.333333333,B,400/20,0.420276835
0,1,0,0,0,0.642857143,0.333333333,B,400/20,0.262798805
0,1,0,0,0,0.714285714,0.333333333,B,400/20,0.304271827
0,1,0,0,0,0.785714286,0.333333333,B,400/20,0.346576979
0,1,0,0,0,0.857142857,0.333333333,B,400/20,0.388984328
0,1,0,0,0,0.928571429,0.333333333,B,400/20,0.430691817
0,1,0,0,0,0.642857143,0.333333333,B,400/20,0.258120681
0,1,0,0,0,0.714285714,0.333333333,B,400/20,0.299498777
0,1,0,0,0,0.785714286,0.333333333,B,400/20,0.341711753
0,1,0,0,0,0.857142857,0.333333333,B,400/20,0.384040489
0,1,0,0,0,0.928571429,0.333333333,B,400/20,0.425668381
0,1,0,0.239336493,0,0.642857143,0.333333333,B,400/20,0.25697665
0,1,0,0.239336493,0,0.714285714,0.333333333,B,400/20,0.299022769
0,1,0,0.239336493,0,0.785714286,0.333333333,B,400/20,0.342195033
0,1,0,0.239336493,0,0.857142857,0.333333333,B,400/20,0.385855491
0,1,0,0.239336493,0,0.928571429,0.333333333,B,400/20,0.429287574
0,1,0,0.239336493,0,0.642857143,0.333333333,B,400/20,0.283720746
0,1,0,0.239336493,0,0.714285714,0.333333333,B,400/20,0.326304585
0,1,0,0.239336493,0,0.785714286,0.333333333,B,400/20,0.369971921
0,1,0,0.239336493,0,0.857142857,0.333333333,B,400/20,0.41407812
0,1,0,0.239336493,0,0.928571429,0.333333333,B,400/20,0.457902684
0,1,0,0.239336493,0,0.642857143,0.333333333,B,400/20,0.270889759
0,1,0,0.239336493,0,0.714285714,0.333333333,B,400/20,0.313212796
0,1,0,0.239336493,0,0.785714286,0.333333333,B,400/20,0.356642324
0,1,0,0.239336493,0,0.857142857,0.333333333,B,400/20,0.400530173
0,1,0,0.239336493,0,0.928571429,0.333333333,B,400/20,0.444162329
0,1,0,0.239336493,1,0.642857143,0.333333333,C,400/20,0.212225423
0,1,0,0.239336493,1,0.714285714,0.333333333,C,400/20,0.247518991
0,1,0,0.239336493,1,0.785714286,0.333333333,C,400/20,0.28723499
0,1,0,0.239336493,1,0.857142857,0.333333333,C,400/20,0.328124303
0,1,0,0.239336493,1,0.928571429,0.333333333,C,400/20,0.369555463
0,1,0,0.239336493,1,0.642857143,0.333333333,C,400/20,0.220990886
0,1,0,0.239336493,1,0.714285714,0.333333333,C,400/20,0.255854435
0,1,0,0.239336493,1,0.785714286,0.333333333,C,400/20,0.295777975
0,1,0,0.239336493,1,0.857142857,0.333333333,C,400/20,0.336869326
0,1,0,0.239336493,1,0.928571429,0.333333333,C,400/20,0.37849427
0,1,0,0.239336493,1,0.642857143,0.333333333,C,400/20,0.216763025
0,1,0,0.239336493,1,0.714285714,0.333333333,C,400/20,0.251836276
0,1,0,0.239336493,1,0.785714286,0.333333333,C,400/20,0.291660566
0,1,0,0.239336493,1,0.857142857,0.333333333,C,400/20,0.332653846
0,1,0,0.239336493,1,0.928571429,0.333333333,C,400/20,0.374185239
0,1,0,0.239336493,1,0.642857143,0.333333333,C,400/20,0.212909365
0,1,0,0.239336493,1,0.714285714,0.333333333,C,400/20,0.248036271
0,1,0,0.239336493,1,0.785714286,0.333333333,C,400/20,0.287785091
0,1,0,0.239336493,1,0.857142857,0.333333333,C,400/20,0.328714301
0,1,0,0.239336493,1,0.928571429,0.333333333,C,400/20,0.370192826
0,1,0,0.239336493,1,0.642857143,0.333333333,C,400/20,0.239298519
0,1,0,0.239336493,1,0.714285714,0.333333333,C,400/20,0.273079749
0,1,0,0.239336493,1,0.785714286,0.333333333,C,400/20,0.311687291
0,1,0,0.239336493,1,0.857142857,0.333333333,C,400/20,0.353257991
0,1,0,0.239336493,1,0.928571429,0.333333333,C,400/20,0.395361105
0,1,0,0.239336493,1,0.642857143,0.333333333,C,400/20,0.216763025
0,1,0,0.239336493,1,0.714285714,0.333333333,C,400/20,0.251836276
0,1,0,0.239336493,1,0.785714286,0.333333333,C,400/20,0.291660566
0,1,0,0.239336493,1,0.857142857,0.333333333,C,400/20,0.332653846
0,1,0,0.239336493,1,0.928571429,0.333333333,C,400/20,0.374185239
0,0.421182266,0,0,0,0.642857143,0.333333333,B,400/20,0.212596088
0,0.421182266,0,0,0,0.714285714,0.333333333,B,400/20,0.2478928
0,0.421182266,0,0,0,0.785714286,0.333333333,B,400/20,0.28770805
0,0.421182266,0,0,0,0.857142857,0.333333333,B,400/20,0.328739261
0,0.421182266,0,0,0,0.928571429,0.333333333,B,400/20,0.370373639
0,0.421182266,0,0,0,0.642857143,0.333333333,B,400/20,0.221342291
0,0.421182266,0,0,0,0.714285714,0.333333333,B,400/20,0.256186776
0,0.421182266,0,0,0,0.785714286,0.333333333,B,400/20,0.296206422
0,0.421182266,0,0,0,0.857142857,0.333333333,B,400/20,0.337435347
0,0.421182266,0,0,0,0.928571429,0.333333333,B,400/20,0.379255057
0,0.421182266,0,0,0,0.642857143,0.333333333,B,400/20,0.217125239
0,0.421182266,0,0,0,0.714285714,0.333333333,B,400/20,0.252192005
0,0.421182266,0,0,0,0.785714286,0.333333333,B,400/20,0.29211299
0,0.421182266,0,0,0,0.857142857,0.333333333,B,400/20,0.333246596
0,0.421182266,0,0,0,0.928571429,0.333333333,B,400/20,0.374978258
0,0.421182266,0,0.239336493,0,0.642857143,0.333333333,B,400/20,0.215026048
0,0.421182266,0,0.239336493,0,0.714285714,0.333333333,B,400/20,0.250811542
0,0.421182266,0,0.239336493,0,0.785714286,0.333333333,B,400/20,0.291146823
0,0.421182266,0,0.239336493,0,0.857142857,0.333333333,B,400/20,0.332911504
0,0.421182266,0,0.239336493,0,0.928571429,0.333333333,B,400/20,0.375562754
0,0.421182266,0,0.239336493,0,0.642857143,0.333333333,B,400/20,0.241144966
0,0.421182266,0,0.239336493,0,0.714285714,0.333333333,B,400/20,0.275454875
0,0.421182266,0,0.239336493,0,0.785714286,0.333333333,B,400/20,0.314305138
0,0.421182266,0,0.239336493,0,0.857142857,0.333333333,B,400/20,0.356601052
0,0.421182266,0,0.239336493,0,0.928571429,0.333333333,B,400/20,0.399753073
0,0.421182266,0,0.239336493,0,0.642857143,0.333333333,B,400/20,0.228563185
0,0.421182266,0,0.239336493,0,0.714285714,0.333333333,B,400/20,0.262834181
0,0.421182266,0,0.239336493,0,0.785714286,0.333333333,B,400/20,0.3032013
0,0.421182266,0,0.239336493,0,0.857142857,0.333333333,B,400/20,0.345240344
0,0.421182266,0,0.239336493,0,0.928571429,0.333333333,B,400/20,0.388147875
