串型,导线型号,档距,初应力,高差,绝缘子串长度,绝缘子串夹角,冰厚,脱冰率,跳跃高度
A,400/50,500,33.37,0,7.23,0,0.03,1,2.74245
A,400/50,500,33.37,0,7.23,0,0.06,1,6.23959
A,400/50,500,33.37,0,7.23,0,0.09,1,10.45893
A,400/50,500,33.37,0,7.23,0,0.12,1,15.32015
A,400/50,500,33.37,0,7.23,0,0.15,1,20.7075
A,400/50,500,33.37,0,7.23,0,0.18,1,26.45826
A,400/50,500,33.37,0,7.23,0,0.21,1,32.59425
A,400/50,500,33.37,0,7.23,0,0.24,1,38.88524
A,400/50,500,33.37,0,7.23,0,0.27,1,44.29594
A,400/50,500,33.37,0,7.23,0,0.3,1,47.46998
A,400/50,500,33.37,0,7.23,0,0.06,0.8,4.93071
A,400/50,500,33.37,0,7.23,0,0.09,0.8,8.18389
A,400/50,500,33.37,0,7.23,0,0.12,0.8,11.82179
A,400/50,500,33.37,0,7.23,0,0.15,0.8,15.90475
A,400/50,500,33.37,0,7.23,0,0.18,0.8,20.15314
A,400/50,500,33.37,0,7.23,0,0.21,0.8,24.21166
A,400/50,500,33.37,0,7.23,0,0.24,0.8,27.69936
A,400/50,500,33.37,0,7.23,0,0.27,0.8,30.28551
A,400/50,500,33.37,0,7.23,0,0.3,0.8,31.52947
A,400/50,500,33.37,0,7.23,0,0.03,0.9,2.46198
A,400/50,500,33.37,0,7.23,0,0.06,0.9,5.58368
A,400/50,500,33.37,0,7.23,0,0.09,0.9,9.31907
A,400/50,500,33.37,0,7.23,0,0.12,0.9,13.56647
A,400/50,500,33.37,0,7.23,0,0.15,0.9,18.17451
A,400/50,500,33.37,0,7.23,0,0.18,0.9,23.30025
A,400/50,500,33.37,0,7.23,0,0.21,0.9,28.45803
A,400/50,500,33.37,0,7.23,0,0.24,0.9,33.17202
A,400/50,500,33.37,0,7.23,0,0.27,0.9,36.81548
A,400/50,500,33.37,0,7.23,0,0.3,0.9,38.72179
A,400/50,500,33.37,0,7.23,0,0.03,0.7,1.904
A,400/50,500,33.37,0,7.23,0,0.06,0.7,4.28273
A,400/50,500,33.37,0,7.23,0,0.09,0.7,7.06311
A,400/50,500,33.37,0,7.23,0,0.12,0.7,10.19287
A,400/50,500,33.37,0,7.23,0,0.15,0.7,13.62326
A,400/50,500,33.37,0,7.23,0,0.18,0.7,17.03839
A,400/50,500,33.37,0,7.23,0,0.21,0.7,20.16734
A,400/50,500,33.37,0,7.23,0,0.24,0.7,22.86679
A,400/50,500,33.37,0,7.23,0,0.27,0.7,24.74633
A,400/50,500,33.37,0,7.23,0,0.3,0.7,25.52089
A,400/50,500,31.12,0,7.23,0,0.02,0.73,1.37126
A,400/50,500,31.12,0,7.23,0,0.05,0.73,3.83792
A,400/50,500,31.12,0,7.23,0,0.08,0.73,6.74757
A,400/50,500,31.12,0,7.23,0,0.11,0.73,10.08124
A,400/50,500,31.12,0,7.23,0,0.14,0.73,13.71371
A,400/50,500,31.12,0,7.23,0,0.17,0.73,17.35354
A,400/50,500,31.12,0,7.23,0,0.2,0.73,20.70751
A,400/50,500,31.12,0,7.23,0,0.23,0.73,23.59851
A,400/50,500,31.12,0,7.23,0,0.26,0.73,25.56008
A,400/50,500,31.12,0,7.23,0,0.29,0.73,26.3348
A,400/50,500,31.12,0,7.23,0,0.02,0.82,1.54259
A,400/50,500,31.12,0,7.23,0,0.05,0.82,4.3382
A,400/50,500,31.12,0,7.23,0,0.08,0.82,7.67295
A,400/50,500,31.12,0,7.23,0,0.11,0.82,11.45346
A,400/50,500,31.12,0,7.23,0,0.14,0.82,15.71806
A,400/50,500,31.12,0,7.23,0,0.17,0.82,20.11931
A,400/50,500,31.12,0,7.23,0,0.2,0.82,24.32619
A,400/50,500,31.12,0,7.23,0,0.23,0.82,27.93077
A,400/50,500,31.12,0,7.23,0,0.26,0.82,30.54173
A,400/50,500,31.12,0,7.23,0,0.29,0.82,31.77189
A,400/50,500,31.12,0,7.23,0,0.02,0.91,1.71452
A,400/50,500,31.12,0,7.23,0,0.05,0.91,4.84288
A,400/50,500,31.12,0,7.23,0,0.08,0.91,8.61231
A,400/50,500,31.12,0,7.23,0,0.11,0.91,12.91596
A,400/50,500,31.12,0,7.23,0,0.14,0.91,17.72329
A,400/50,500,31.12,0,7.23,0,0.17,0.91,22.94055
A,400/50,500,31.12,0,7.23,0,0.2,0.91,28.14016
A,400/50,500,31.12,0,7.23,0,0.23,0.91,32.83711
A,400/50,500,31.12,0,7.23,0,0.26,0.91,36.37473
A,400/50,500,31.12,0,7.23,0,0.29,0.91,38.09831
A,400/50,500,31.12,0,7.23,0,0.02,0.78,1.46391
A,400/50,500,31.12,0,7.23,0,0.05,0.78,4.10955
A,400/50,500,31.12,0,7.23,0,0.08,0.78,7.25119
A,400/50,500,31.12,0,7.23,0,0.11,0.78,10.84348
A,400/50,500,31.12,0,7.23,0,0.14,0.78,14.82434
A,400/50,500,31.12,0,7.23,0,0.17,0.78,18.87859
A,400/50,500,31.12,0,7.23,0,0.2,0.78,22.68869
A,400/50,500,31.12,0,7.23,0,0.23,0.78,25.9371
A,400/50,500,31.12,0,7.23,0,0.26,0.78,28.25681
A,400/50,500,31.12,0,7.23,0,0.29,0.78,29.26098
A,400/50,500,28.24,0,7.23,0,0.04,0.88,4.20817
A,400/50,500,28.24,0,7.23,0,0.06,0.88,6.55919
A,400/50,500,28.24,0,7.23,0,0.08,0.88,9.16457
A,400/50,500,28.24,0,7.23,0,0.1,0.88,12.053
A,400/50,500,28.24,0,7.23,0,0.12,0.88,15.13363
A,400/50,500,28.24,0,7.23,0,0.14,0.88,18.33928
A,400/50,500,28.24,0,7.23,0,0.16,0.88,21.58608
A,400/50,500,28.24,0,7.23,0,0.18,0.88,24.77183
A,400/50,500,28.24,0,7.23,0,0.2,0.88,27.77596
A,400/50,500,28.24,0,7.23,0,0.22,0.88,30.46258
A,400/50,500,28.24,0,7.23,0,0.04,0.82,3.55389
A,400/50,500,28.24,0,7.23,0,0.06,0.82,5.59028
A,400/50,500,28.24,0,7.23,0,0.08,0.82,7.84815
A,400/50,500,28.24,0,7.23,0,0.1,0.82,10.28822
A,400/50,500,28.24,0,7.23,0,0.12,0.82,12.97695
A,400/50,500,28.24,0,7.23,0,0.14,0.82,15.81712
A,400/50,500,28.24,0,7.23,0,0.16,0.82,18.72131
A,400/50,500,28.24,0,7.23,0,0.18,0.82,21.60441
A,400/50,500,28.24,0,7.23,0,0.2,0.82,24.36836
A,400/50,500,28.24,0,7.23,0,0.22,0.82,26.9059
A,400/50,500,28.24,0,7.23,0,0.04,0.91,3.60543
A,400/50,500,28.24,0,7.23,0,0.06,0.91,5.76034
A,400/50,500,28.24,0,7.23,0,0.08,0.91,8.18955
A,400/50,500,28.24,0,7.23,0,0.1,0.91,10.8657
A,400/50,500,28.24,0,7.23,0,0.12,0.91,13.75253
A,400/50,500,28.24,0,7.23,0,0.14,0.91,16.80524
A,400/50,500,28.24,0,7.23,0,0.16,0.91,19.97736
A,400/50,500,28.24,0,7.23,0,0.18,0.91,23.43569
A,400/50,500,28.24,0,7.23,0,0.2,0.91,26.93285
A,400/50,500,28.24,0,7.23,0,0.22,0.91,30.36244
A,400/50,500,28.24,0,7.23,0,0.04,0.78,2.85275
A,400/50,500,28.24,0,7.23,0,0.06,0.78,4.57398
A,400/50,500,28.24,0,7.23,0,0.08,0.78,6.51565
A,400/50,500,28.24,0,7.23,0,0.1,0.78,8.65021
A,400/50,500,28.24,0,7.23,0,0.12,0.78,10.94024
A,400/50,500,28.24,0,7.23,0,0.14,0.78,13.3396
A,400/50,500,28.24,0,7.23,0,0.16,0.78,15.95976
A,400/50,500,28.24,0,7.23,0,0.18,0.78,18.65849
A,400/50,500,28.24,0,7.23,0,0.2,0.78,21.33164
A,400/50,500,28.24,0,7.23,0,0.22,0.78,23.89083
A,400/50,500,30.67,0,7.23,0,0.03,0.88,2.63241
A,400/50,500,30.67,0,7.23,0,0.06,0.88,5.89939
A,400/50,500,30.67,0,7.23,0,0.09,0.88,9.73707
A,400/50,500,30.67,0,7.23,0,0.12,0.88,14.06903
A,400/50,500,30.67,0,7.23,0,0.15,0.88,18.89494
A,400/50,500,30.67,0,7.23,0,0.18,0.88,23.83959
A,400/50,500,30.67,0,7.23,0,0.21,0.88,28.50965
A,400/50,500,30.67,0,7.23,0,0.24,0.88,32.3904
A,400/50,500,30.67,0,7.23,0,0.27,0.88,34.90453
A,400/50,500,30.67,0,7.23,0,0.3,0.88,35.6685
A,400/50,500,30.67,0,7.23,0,0.03,0.82,2.13366
A,400/50,500,30.67,0,7.23,0,0.06,0.82,4.89974
A,400/50,500,30.67,0,7.23,0,0.09,0.82,8.19716
A,400/50,500,30.67,0,7.23,0,0.12,0.82,11.91679
A,400/50,500,30.67,0,7.23,0,0.15,0.82,16.02128
A,400/50,500,30.67,0,7.23,0,0.18,0.82,20.44515
A,400/50,500,30.67,0,7.23,0,0.21,0.82,24.76325
A,400/50,500,30.67,0,7.23,0,0.24,0.82,28.58479
A,400/50,500,30.67,0,7.23,0,0.27,0.82,31.47637
A,400/50,500,30.67,0,7.23,0,0.3,0.82,33.08693
A,400/50,500,30.67,0,7.23,0,0.03,0.91,2.11213
A,400/50,500,30.67,0,7.23,0,0.06,0.91,4.95158
A,400/50,500,30.67,0,7.23,0,0.09,0.91,8.41902
A,400/50,500,30.67,0,7.23,0,0.12,0.91,12.45072
A,400/50,500,30.67,0,7.23,0,0.15,0.91,16.94164
A,400/50,500,30.67,0,7.23,0,0.18,0.91,21.74197
A,400/50,500,30.67,0,7.23,0,0.21,0.91,26.83222
A,400/50,500,30.67,0,7.23,0,0.24,0.91,32.13704
A,400/50,500,30.67,0,7.23,0,0.27,0.91,36.91522
A,400/50,500,30.67,0,7.23,0,0.3,0.91,40.42841
A,400/50,500,30.67,0,7.23,0,0.03,0.78,1.90368
A,400/50,500,30.67,0,7.23,0,0.06,0.78,4.52848
A,400/50,500,30.67,0,7.23,0,0.09,0.78,7.23677
A,400/50,500,30.67,0,7.23,0,0.12,0.78,11.5955
A,400/50,500,30.67,0,7.23,0,0.15,0.78,19.52409
A,400/50,500,30.67,0,7.23,0,0.18,0.78,24.77712
A,400/50,500,30.67,0,7.23,0,0.21,0.78,29.84894
A,400/50,500,30.67,0,7.23,0,0.24,0.78,34.19603
A,400/50,500,30.67,0,7.23,0,0.27,0.78,37.12676
A,400/50,500,30.67,0,7.23,0,0.3,0.78,38.06273
A,400/50,500,32.46,0,7.23,0,0.03,0.74,2.07734
A,400/50,500,32.46,0,7.23,0,0.06,0.74,4.66012
A,400/50,500,32.46,0,7.23,0,0.09,0.74,7.67515
A,400/50,500,32.46,0,7.23,0,0.12,0.74,11.08307
A,400/50,500,32.46,0,7.23,0,0.15,0.74,14.80564
A,400/50,500,32.46,0,7.23,0,0.18,0.74,18.51907
A,400/50,500,32.46,0,7.23,0,0.21,0.74,21.92352
A,400/50,500,32.46,0,7.23,0,0.24,0.74,24.81414
A,400/50,500,32.46,0,7.23,0,0.27,0.74,26.75831
A,400/50,500,32.46,0,7.23,0,0.3,0.74,27.48539
A,400/50,500,32.46,0,7.23,0,0.03,0.85,2.39406
A,400/50,500,32.46,0,7.23,0,0.06,0.85,5.39861
A,400/50,500,32.46,0,7.23,0,0.09,0.85,8.95529
A,400/50,500,32.46,0,7.23,0,0.12,0.85,12.94252
A,400/50,500,32.46,0,7.23,0,0.15,0.85,17.41196
A,400/50,500,32.46,0,7.23,0,0.18,0.85,22.10062
A,400/50,500,32.46,0,7.23,0,0.21,0.85,26.61673
A,400/50,500,32.46,0,7.23,0,0.24,0.85,30.51107
A,400/50,500,32.46,0,7.23,0,0.27,0.85,33.29816
A,400/50,500,32.46,0,7.23,0,0.3,0.85,34.56874
A,400/50,500,32.46,0,7.23,0,0.03,0.96,2.71233
A,400/50,500,32.46,0,7.23,0,0.06,0.96,6.14373
A,400/50,500,32.46,0,7.23,0,0.09,0.96,10.25287
A,400/50,500,32.46,0,7.23,0,0.12,0.96,14.94176
A,400/50,500,32.46,0,7.23,0,0.15,0.96,20.06675
A,400/50,500,32.46,0,7.23,0,0.18,0.96,25.66734
A,400/50,500,32.46,0,7.23,0,0.21,0.96,31.49992
A,400/50,500,32.46,0,7.23,0,0.24,0.96,36.95786
A,400/50,500,32.46,0,7.23,0,0.27,0.96,41.2148
A,400/50,500,32.46,0,7.23,0,0.3,0.96,43.2149
A,400/50,500,32.46,0,7.23,0,0.03,0.79,2.22109
A,400/50,500,32.46,0,7.23,0,0.06,0.79,4.99481
A,400/50,500,32.46,0,7.23,0,0.09,0.79,8.25414
A,400/50,500,32.46,0,7.23,0,0.12,0.79,11.90788
A,400/50,500,32.46,0,7.23,0,0.15,0.79,15.9899
A,400/50,500,32.46,0,7.23,0,0.18,0.79,20.13388
A,400/50,500,32.46,0,7.23,0,0.21,0.79,24.01461
A,400/50,500,32.46,0,7.23,0,0.24,0.79,27.26229
A,400/50,500,32.46,0,7.23,0,0.27,0.79,29.5802
A,400/50,500,32.46,0,7.23,0,0.3,0.79,30.54995
A,400/50,500,33.37,0,7.23,0,0.03,1,2.771
A,400/50,500,33.37,0,7.23,0,0.06,1,6.266
A,400/50,500,33.37,0,7.23,0,0.09,1,10.48345
A,400/50,500,33.37,0,7.23,0,0.12,1,15.34337
A,400/50,500,33.37,0,7.23,0,0.15,1,20.73032
A,400/50,500,33.37,0,7.23,0,0.18,1,26.48186
A,400/50,500,33.37,0,7.23,0,0.21,1,32.61899
A,400/50,500,33.37,0,7.23,0,0.24,1,38.9159
A,400/50,500,33.37,0,7.23,0,0.27,1,44.34288
A,400/50,500,33.37,0,7.23,0,0.3,1,47.54319
A,400/50,500,33.37,0,7.23,0,0.03,0.8,2.21067
A,400/50,500,33.37,0,7.23,0,0.06,0.8,4.95662
A,400/50,500,33.37,0,7.23,0,0.09,0.8,8.20783
A,400/50,500,33.37,0,7.23,0,0.12,0.8,11.84434
A,400/50,500,33.37,0,7.23,0,0.15,0.8,15.92681
A,400/50,500,33.37,0,7.23,0,0.18,0.8,20.17627
A,400/50,500,33.37,0,7.23,0,0.21,0.8,24.23693
A,400/50,500,33.37,0,7.23,0,0.24,0.8,27.7279
A,400/50,500,33.37,0,7.23,0,0.27,0.8,30.32626
A,400/50,500,33.37,0,7.23,0,0.3,0.8,31.56627
A,400/50,500,33.37,0,7.23,0,0.03,0.9,2.49038
A,400/50,500,33.37,0,7.23,0,0.06,0.9,5.60987
A,400/50,500,33.37,0,7.23,0,0.09,0.9,9.34338
A,400/50,500,33.37,0,7.23,0,0.12,0.9,13.58952
A,400/50,500,33.37,0,7.23,0,0.15,0.9,18.19713
A,400/50,500,33.37,0,7.23,0,0.18,0.9,23.32296
A,400/50,500,33.37,0,7.23,0,0.21,0.9,28.48392
A,400/50,500,33.37,0,7.23,0,0.24,0.9,33.20383
A,400/50,500,33.37,0,7.23,0,0.27,0.9,36.85699
A,400/50,500,33.37,0,7.23,0,0.3,0.9,38.77345
A,400/50,500,33.37,0,7.23,0,0.03,0.7,1.93206
A,400/50,500,33.37,0,7.23,0,0.06,0.7,4.30832
A,400/50,500,33.37,0,7.23,0,0.09,0.7,7.08656
A,400/50,500,33.37,0,7.23,0,0.12,0.7,10.21512
A,400/50,500,33.37,0,7.23,0,0.15,0.7,13.64533
A,400/50,500,33.37,0,7.23,0,0.18,0.7,17.06088
A,400/50,500,33.37,0,7.23,0,0.21,0.7,20.19074
A,400/50,500,33.37,0,7.23,0,0.24,0.7,22.89546
A,400/50,500,33.37,0,7.23,0,0.27,0.7,24.77891
A,400/50,500,33.37,0,7.23,0,0.3,0.7,25.55661
A,400/50,500,33.37,0,7.23,0,0.02,0.73,1.40268
A,400/50,500,33.37,0,7.23,0,0.05,0.73,3.86656
A,400/50,500,33.37,0,7.23,0,0.08,0.73,6.77383
A,400/50,500,33.37,0,7.23,0,0.11,0.73,10.10645
A,400/50,500,33.37,0,7.23,0,0.14,0.73,13.73874
A,400/50,500,33.37,0,7.23,0,0.17,0.73,17.37914
A,400/50,500,33.37,0,7.23,0,0.2,0.73,20.73434
A,400/50,500,33.37,0,7.23,0,0.23,0.73,23.63215
A,400/50,500,33.37,0,7.23,0,0.26,0.73,25.59892
A,400/50,500,33.37,0,7.23,0,0.29,0.73,26.36614
A,400/50,500,33.37,0,7.23,0,0.02,0.82,2.44288
A,400/50,500,33.37,0,7.23,0,0.05,0.82,5.42735
A,400/50,500,33.37,0,7.23,0,0.08,0.82,8.91684
A,400/50,500,33.37,0,7.23,0,0.11,0.82,12.87672
A,400/50,500,33.37,0,7.23,0,0.14,0.82,17.21909
A,400/50,500,33.37,0,7.23,0,0.17,0.82,21.59757
A,400/50,500,33.37,0,7.23,0,0.2,0.82,25.65207
A,400/50,500,33.37,0,7.23,0,0.23,0.82,28.97511
A,400/50,500,33.37,0,7.23,0,0.26,0.82,31.12717
A,400/50,500,33.37,0,7.23,0,0.29,0.82,31.90907
A,400/50,500,33.37,0,7.23,0,0.02,0.91,1.74621
A,400/50,500,33.37,0,7.23,0,0.05,0.91,4.87214
A,400/50,500,33.37,0,7.23,0,0.08,0.91,8.63951
A,400/50,500,33.37,0,7.23,0,0.11,0.91,12.94182
A,400/50,500,33.37,0,7.23,0,0.14,0.91,17.74808
A,400/50,500,33.37,0,7.23,0,0.17,0.91,22.96695
A,400/50,500,33.37,0,7.23,0,0.2,0.91,28.17027
A,400/50,500,33.37,0,7.23,0,0.23,0.91,32.8741
A,400/50,500,33.37,0,7.23,0,0.26,0.91,36.42276
A,400/50,500,33.37,0,7.23,0,0.29,0.91,38.15946
A,400/50,500,33.37,0,7.23,0,0.02,0.78,1.49787
A,400/50,500,33.37,0,7.23,0,0.05,0.78,4.14409
A,400/50,500,33.37,0,7.23,0,0.08,0.78,7.28629
A,400/50,500,33.37,0,7.23,0,0.11,0.78,10.86866
A,400/50,500,33.37,0,7.23,0,0.14,0.78,14.8495
A,400/50,500,33.37,0,7.23,0,0.17,0.78,18.90471
A,400/50,500,33.37,0,7.23,0,0.2,0.78,22.71676
A,400/50,500,33.37,0,7.23,0,0.23,0.78,25.97286
A,400/50,500,33.37,0,7.23,0,0.26,0.78,28.30061
A,400/50,500,33.37,0,7.23,0,0.29,0.78,29.29815
A,400/50,500,32.46,0,15.67,0,0.03,1,2.85796
A,400/50,500,32.46,0,15.67,0,0.06,1,6.44312
A,400/50,500,32.46,0,15.67,0,0.09,1,10.75179
A,400/50,500,32.46,0,15.67,0,0.12,1,15.69533
A,400/50,500,32.46,0,15.67,0,0.15,1,21.14616
A,400/50,500,32.46,0,15.67,0,0.18,1,26.92308
A,400/50,500,32.46,0,15.67,0,0.21,1,33.25318
A,400/50,500,32.46,0,15.67,0,0.24,1,39.41123
A,400/50,500,32.46,0,15.67,0,0.27,1,44.44774
A,400/50,500,32.46,0,15.67,0,0.3,1,47.01148
A,400/50,500,32.46,0,15.67,0,0.03,0.8,2.61721
A,400/50,500,32.46,0,15.67,0,0.06,0.8,5.92701
A,400/50,500,32.46,0,15.67,0,0.09,0.8,9.91018
A,400/50,500,32.46,0,15.67,0,0.12,0.8,14.48277
A,400/50,500,32.46,0,15.67,0,0.15,0.8,19.7304
A,400/50,500,32.46,0,15.67,0,0.18,0.8,25.54328
A,400/50,500,32.46,0,15.67,0,0.21,0.8,31.6792
A,400/50,500,32.46,0,15.67,0,0.24,0.8,37.901
A,400/50,500,32.46,0,15.67,0,0.27,0.8,44.32801
A,400/50,500,32.46,0,15.67,0,0.3,0.8,49.39277
A,400/50,500,32.46,0,15.67,0,0.03,0.9,2.49038
A,400/50,500,32.46,0,15.67,0,0.06,0.9,5.60987
A,400/50,500,32.46,0,15.67,0,0.09,0.9,9.34338
A,400/50,500,32.46,0,15.67,0,0.12,0.9,13.58952
A,400/50,500,32.46,0,15.67,0,0.15,0.9,18.19713
A,400/50,500,32.46,0,15.67,0,0.18,0.9,23.32296
A,400/50,500,32.46,0,15.67,0,0.21,0.9,28.48392
A,400/50,500,32.46,0,15.67,0,0.24,0.9,33.20383
A,400/50,500,32.46,0,15.67,0,0.27,0.9,36.85699
A,400/50,500,32.46,0,15.67,0,0.3,0.9,38.77345
A,400/50,500,32.46,0,15.67,0,0.03,0.7,2.02548
A,400/50,500,32.46,0,15.67,0,0.06,0.7,4.54727
A,400/50,500,32.46,0,15.67,0,0.09,0.7,7.5406
A,400/50,500,32.46,0,15.67,0,0.12,0.7,11.08264
A,400/50,500,32.46,0,15.67,0,0.15,0.7,14.9619
A,400/50,500,32.46,0,15.67,0,0.18,0.7,18.9937
A,400/50,500,30.67,0,15.67,0,0.21,0.7,23.36578
A,400/50,500,30.67,0,15.67,0,0.24,0.7,27.6211
A,400/50,500,30.67,0,15.67,0,0.27,0.7,31.42916
A,400/50,500,30.67,0,15.67,0,0.3,0.7,35.04465
A,400/50,500,30.67,0,15.67,0,0.03,0.9,3.01537
A,400/50,500,30.67,0,15.67,0,0.06,0.9,6.47379
A,400/50,500,30.67,0,15.67,0,0.09,0.9,10.60713
A,400/50,500,30.67,0,15.67,0,0.12,0.9,15.46778
A,400/50,500,30.67,0,15.67,0,0.15,0.9,20.96645
A,400/50,500,30.67,0,15.67,0,0.18,0.9,26.91657
A,400/50,500,30.67,0,15.67,0,0.21,0.9,33.1094
A,400/50,500,30.67,0,15.67,0,0.24,0.9,39.44022
A,400/50,500,30.67,0,15.67,0,0.27,0.9,46.12209
A,400/50,500,30.67,0,15.67,0,0.3,0.9,52.22176
A,400/50,500,30.67,0,15.67,0,0.03,0.7,3.01537
A,400/50,500,30.67,0,15.67,0,0.06,0.7,6.47379
A,400/50,500,30.67,0,15.67,0,0.09,0.7,10.60713
A,400/50,500,30.67,0,15.67,0,0.12,0.7,15.46778
A,400/50,500,30.67,0,15.67,0,0.15,0.7,20.96645
A,400/50,500,30.67,0,15.67,0,0.18,0.7,26.91657
A,400/50,500,30.67,0,15.67,0,0.21,0.7,33.1094
A,400/50,500,30.67,0,15.67,0,0.24,0.7,39.44022
A,400/50,500,30.67,0,15.67,0,0.27,0.7,46.12209
A,400/50,500,30.67,0,15.67,0,0.3,0.7,52.22176
A,400/50,500,30.67,0,15.67,0,0.03,0.9,2.49038
A,400/50,500,30.67,0,15.67,0,0.06,0.9,5.60987
A,400/50,500,30.67,0,15.67,0,0.09,0.9,9.34338
A,400/50,500,30.67,0,15.67,0,0.12,0.9,13.58952
A,400/50,500,30.67,0,15.67,0,0.15,0.9,18.19713
A,400/50,500,30.67,0,15.67,0,0.18,0.9,23.32296
A,400/50,500,30.67,0,15.67,0,0.21,0.9,28.48392
A,400/50,500,30.67,0,15.67,0,0.24,0.9,33.20383
A,400/50,500,30.67,0,15.67,0,0.27,0.9,36.85699
A,400/50,500,30.67,0,15.67,0,0.3,0.9,38.77345
A,400/50,500,30.67,0,15.67,0,0.03,0.7,2.38165
A,400/50,500,30.67,0,15.67,0,0.06,0.7,5.0025
A,400/50,500,30.67,0,15.67,0,0.09,0.7,8.18649
A,400/50,500,30.67,0,15.67,0,0.12,0.7,11.82822
A,400/50,500,30.67,0,15.67,0,0.15,0.7,15.76772
A,400/50,500,30.67,0,15.67,0,0.18,0.7,19.97058
A,400/50,500,30.67,0,15.67,0,0.21,0.7,24.37765
A,400/50,500,30.67,0,15.67,0,0.24,0.7,28.50476
A,400/50,500,30.67,0,15.67,0,0.27,0.7,32.36954
A,400/50,500,30.67,0,15.67,0,0.3,0.7,35.64524
A,400/50,500,33.37,0,7.23,0,0.03,1,2.67245
A,400/50,500,33.37,0,7.23,0,0.06,1,6.11447
A,400/50,500,33.37,0,7.23,0,0.09,1,10.29714
A,400/50,500,33.37,0,7.23,0,0.12,1,15.14873
A,400/50,500,33.37,0,7.23,0,0.15,1,20.56817
A,400/50,500,33.37,0,7.23,0,0.18,1,26.419
A,400/50,500,33.37,0,7.23,0,0.21,1,32.49139
A,400/50,500,33.37,0,7.23,0,0.24,1,38.93349
A,400/50,500,33.37,0,7.23,0,0.27,1,45.01816
A,400/50,500,33.37,0,7.23,0,0.3,1,49.21121
A,400/50,500,33.37,0,7.23,0,0.03,0.8,2.12875
A,400/50,500,33.37,0,7.23,0,0.06,0.8,4.8462
A,400/50,500,33.37,0,7.23,0,0.09,0.8,8.09763
A,400/50,500,33.37,0,7.23,0,0.12,0.8,11.77126
A,400/50,500,33.37,0,7.23,0,0.15,0.8,15.78886
A,400/50,500,33.37,0,7.23,0,0.18,0.8,20.16412
A,400/50,500,33.37,0,7.23,0,0.21,0.8,24.42887
A,400/50,500,33.37,0,7.23,0,0.24,0.8,28.19655
A,400/50,500,33.37,0,7.23,0,0.27,0.8,31.10972
A,400/50,500,33.37,0,7.23,0,0.3,0.8,32.63742
A,400/50,500,33.37,0,7.23,0,0.03,0.9,2.40038
A,400/50,500,33.37,0,7.23,0,0.06,0.9,5.48038
A,400/50,500,33.37,0,7.23,0,0.09,0.9,9.20009
A,400/50,500,33.37,0,7.23,0,0.12,0.9,13.46811
A,400/50,500,33.37,0,7.23,0,0.15,0.9,18.14548
A,400/50,500,33.37,0,7.23,0,0.18,0.9,23.16271
A,400/50,500,33.37,0,7.23,0,0.21,0.9,28.53479
A,400/50,500,33.37,0,7.23,0,0.24,0.9,33.59954
A,400/50,500,33.37,0,7.23,0,0.27,0.9,37.73175
A,400/50,500,33.37,0,7.23,0,0.3,0.9,40.15724
A,400/50,500,33.37,0,7.23,0,0.03,0.7,1.85775
A,400/50,500,33.37,0,7.23,0,0.06,0.7,4.21439
A,400/50,500,33.37,0,7.23,0,0.09,0.7,7.00161
A,400/50,500,33.37,0,7.23,0,0.12,0.7,10.09471
A,400/50,500,33.37,0,7.23,0,0.15,0.7,13.58126
A,400/50,500,33.37,0,7.23,0,0.18,0.7,17.11853
A,400/50,500,33.37,0,7.23,0,0.21,0.7,20.41791
A,400/50,500,33.37,0,7.23,0,0.24,0.7,23.2817
A,400/50,500,33.37,0,7.23,0,0.27,0.7,25.44655
A,400/50,500,33.37,0,7.23,0,0.3,0.7,26.47176
A,400/50,500,33.37,0,7.23,0,0.02,0.73,1.34025
A,400/50,500,33.37,0,7.23,0,0.05,0.73,3.78495
A,400/50,500,33.37,0,7.23,0,0.08,0.73,6.70223
A,400/50,500,33.37,0,7.23,0,0.11,0.73,9.98961
A,400/50,500,33.37,0,7.23,0,0.14,0.73,13.69496
A,400/50,500,33.37,0,7.23,0,0.17,0.73,17.46608
A,400/50,500,33.37,0,7.23,0,0.2,0.73,21.00665
A,400/50,500,33.37,0,7.23,0,0.23,0.73,24.08994
A,400/50,500,33.37,0,7.23,0,0.26,0.73,26.37176
A,400/50,500,33.37,0,7.23,0,0.29,0.73,27.37972
A,400/50,500,33.37,0,7.23,0,0.02,0.82,1.50767
A,400/50,500,33.37,0,7.23,0,0.05,0.82,4.2747
A,400/50,500,33.37,0,7.23,0,0.08,0.82,7.61059
A,400/50,500,33.37,0,7.23,0,0.11,0.82,11.40165
A,400/50,500,33.37,0,7.23,0,0.14,0.82,15.64118
A,400/50,500,33.37,0,7.23,0,0.17,0.82,20.17865
A,400/50,500,33.37,0,7.23,0,0.2,0.82,24.60647
A,400/50,500,33.37,0,7.23,0,0.23,0.82,28.51224
A,400/50,500,33.37,0,7.23,0,0.26,0.82,31.49535
A,400/50,500,33.37,0,7.23,0,0.29,0.82,33.00665
A,400/50,500,33.37,0,7.23,0,0.02,0.91,1.67554
A,400/50,500,33.37,0,7.23,0,0.05,0.91,4.76747
A,400/50,500,33.37,0,7.23,0,0.08,0.91,8.52807
A,400/50,500,33.37,0,7.23,0,0.11,0.91,12.86075
A,400/50,500,33.37,0,7.23,0,0.14,0.91,17.6171
A,400/50,500,33.37,0,7.23,0,0.17,0.91,22.88797
A,400/50,500,33.37,0,7.23,0,0.2,0.91,28.32212
A,400/50,500,33.37,0,7.23,0,0.23,0.91,33.39125
A,400/50,500,33.37,0,7.23,0,0.26,0.91,37.43811
A,400/50,500,33.37,0,7.23,0,0.29,0.91,39.6744
A,400/50,500,33.37,0,7.23,0,0.02,0.78,1.4332
A,400/50,500,33.37,0,7.23,0,0.05,0.78,4.05661
A,400/50,500,33.37,0,7.23,0,0.08,0.78,7.20548
A,400/50,500,33.37,0,7.23,0,0.11,0.78,10.76012
A,400/50,500,33.37,0,7.23,0,0.14,0.78,14.7769
A,400/50,500,33.37,0,7.23,0,0.17,0.78,18.96718
A,400/50,500,33.37,0,7.23,0,0.2,0.78,22.98409
A,400/50,500,33.37,0,7.23,0,0.23,0.78,26.45499
A,400/50,500,33.37,0,7.23,0,0.26,0.78,29.15261
A,400/50,500,33.37,0,7.23,0,0.29,0.78,30.36783
B,400/50,500,33.37,0,7.23,0,0.03,1,3.5802
B,400/50,500,33.37,0,7.23,0,0.06,1,7.15099
B,400/50,500,33.37,0,7.23,0,0.09,1,11.39065
B,400/50,500,33.37,0,7.23,0,0.12,1,16.22493
B,400/50,500,33.37,0,7.23,0,0.15,1,21.55055
B,400/50,500,33.37,0,7.23,0,0.18,1,27.22223
B,400/50,500,33.37,0,7.23,0,0.21,1,33.23356
B,400/50,500,33.37,0,7.23,0,0.24,1,39.50179
B,400/50,500,33.37,0,7.23,0,0.27,1,45.04337
B,400/50,500,33.37,0,7.23,0,0.3,1,48.61663
B,400/50,500,33.37,0,7.23,0,0.03,0.8,2.99734
B,400/50,500,33.37,0,7.23,0,0.06,0.8,5.8034
B,400/50,500,33.37,0,7.23,0,0.09,0.8,9.07002
B,400/50,500,33.37,0,7.23,0,0.12,0.8,12.68325
B,400/50,500,33.37,0,7.23,0,0.15,0.8,16.71084
B,400/50,500,33.37,0,7.23,0,0.18,0.8,20.90001
B,400/50,500,33.37,0,7.23,0,0.21,0.8,24.89739
B,400/50,500,33.37,0,7.23,0,0.24,0.8,28.34596
B,400/50,500,33.37,0,7.23,0,0.27,0.8,30.96777
B,400/50,500,33.37,0,7.23,0,0.3,0.8,32.23713
B,400/50,500,33.37,0,7.23,0,0.03,0.9,3.28839
B,400/50,500,33.37,0,7.23,0,0.06,0.9,6.47627
B,400/50,500,33.37,0,7.23,0,0.09,0.9,10.22972
B,400/50,500,33.37,0,7.23,0,0.12,0.9,14.45342
B,400/50,500,33.37,0,7.23,0,0.15,0.9,19.00798
B,400/50,500,33.37,0,7.23,0,0.18,0.9,24.04346
B,400/50,500,33.37,0,7.23,0,0.21,0.9,29.1447
B,400/50,500,33.37,0,7.23,0,0.24,0.9,33.84403
B,400/50,500,33.37,0,7.23,0,0.27,0.9,37.55894
B,400/50,500,33.37,0,7.23,0,0.3,0.9,39.58961
B,400/50,500,33.37,0,7.23,0,0.03,0.7,2.70727
B,400/50,500,33.37,0,7.23,0,0.06,0.7,5.13478
B,400/50,500,33.37,0,7.23,0,0.09,0.7,7.92268
B,400/50,500,33.37,0,7.23,0,0.12,0.7,11.02548
B,400/50,500,33.37,0,7.23,0,0.15,0.7,14.41383
B,400/50,500,33.37,0,7.23,0,0.18,0.7,17.76963
B,400/50,500,33.37,0,7.23,0,0.21,0.7,20.8351
B,400/50,500,33.37,0,7.23,0,0.24,0.7,23.48715
B,400/50,500,33.37,0,7.23,0,0.27,0.7,25.34348
B,400/50,500,33.37,0,7.23,0,0.3,0.7,26.1333
B,400/50,500,33.37,0,7.23,0,0.03,1,2.73833
B,400/50,500,33.37,0,7.23,0,0.06,1,6.2013
B,400/50,500,33.37,0,7.23,0,0.09,1,10.35704
B,400/50,500,33.37,0,7.23,0,0.12,1,15.13822
B,400/50,500,33.37,0,7.23,0,0.15,1,20.45325
B,400/50,500,33.37,0,7.23,0,0.18,1,26.1778
B,400/50,500,33.37,0,7.23,0,0.21,1,32.13354
B,400/50,500,33.37,0,7.23,0,0.24,1,38.27627
B,400/50,500,33.37,0,7.23,0,0.27,1,44.35439
B,400/50,500,33.37,0,7.23,0,0.3,1,48.8475
B,400/50,500,33.37,0,7.23,0,0.03,0.8,2.18159
B,400/50,500,33.37,0,7.23,0,0.06,0.8,4.91565
B,400/50,500,33.37,0,7.23,0,0.09,0.8,8.14725
B,400/50,500,33.37,0,7.23,0,0.12,0.8,11.77179
B,400/50,500,33.37,0,7.23,0,0.15,0.8,15.66856
B,400/50,500,33.37,0,7.23,0,0.18,0.8,19.95475
B,400/50,500,33.37,0,7.23,0,0.21,0.8,24.14598
B,400/50,500,33.37,0,7.23,0,0.24,0.8,27.8818
B,400/50,500,33.37,0,7.23,0,0.27,0.8,30.77679
B,400/50,500,33.37,0,7.23,0,0.3,0.8,32.50028
B,400/50,500,33.37,0,7.23,0,0.03,0.9,2.45976
B,400/50,500,33.37,0,7.23,0,0.06,0.9,5.5587
B,400/50,500,33.37,0,7.23,0,0.09,0.9,9.25554
B,400/50,500,33.37,0,7.23,0,0.12,0.9,13.46494
B,400/50,500,33.37,0,7.23,0,0.15,0.9,18.05945
B,400/50,500,33.37,0,7.23,0,0.18,0.9,22.88881
B,400/50,500,33.37,0,7.23,0,0.21,0.9,28.15005
B,400/50,500,33.37,0,7.23,0,0.24,0.9,33.16018
B,400/50,500,33.37,0,7.23,0,0.27,0.9,37.33759
B,400/50,500,33.37,0,7.23,0,0.3,0.9,39.97975
B,400/50,500,33.37,0,7.23,0,0.03,0.7,1.90404
B,400/50,500,33.37,0,7.23,0,0.06,0.7,4.27478
B,400/50,500,33.37,0,7.23,0,0.09,0.7,7.04468
B,400/50,500,33.37,0,7.23,0,0.12,0.7,10.09683
B,400/50,500,33.37,0,7.23,0,0.15,0.7,13.4877
B,400/50,500,33.37,0,7.23,0,0.18,0.7,16.95807
B,400/50,500,33.37,0,7.23,0,0.21,0.7,20.20808
B,400/50,500,33.37,0,7.23,0,0.24,0.7,22.96884
B,400/50,500,33.37,0,7.23,0,0.27,0.7,25.17132
B,400/50,500,33.37,0,7.23,0,0.3,0.7,26.30099
A,400/50,500,33.37,0,7.23,0,0.03,1,2.6314
A,400/50,500,33.37,0,7.23,0,0.06,1,6.03941
A,400/50,500,33.37,0,7.23,0,0.09,1,10.19618
A,400/50,500,33.37,0,7.23,0,0.12,1,15.03417
A,400/50,500,33.37,0,7.23,0,0.15,1,20.45963
A,400/50,500,33.37,0,7.23,0,0.18,1,26.34863
A,400/50,500,33.37,0,7.23,0,0.21,1,32.50961
A,400/50,500,33.37,0,7.23,0,0.24,1,38.84561
A,400/50,500,33.37,0,7.23,0,0.27,1,45.24365
A,400/50,500,33.37,0,7.23,0,0.3,1,49.98066
A,400/50,500,33.37,0,7.23,0,0.03,0.8,2.09687
A,400/50,500,33.37,0,7.23,0,0.06,0.8,4.79419
A,400/50,500,33.37,0,7.23,0,0.09,0.8,8.04015
A,400/50,500,33.37,0,7.23,0,0.12,0.8,11.7277
A,400/50,500,33.37,0,7.23,0,0.15,0.8,15.70404
A,400/50,500,33.37,0,7.23,0,0.18,0.8,20.13855
A,400/50,500,33.37,0,7.23,0,0.21,0.8,24.50529
A,400/50,500,33.37,0,7.23,0,0.24,0.8,28.41696
A,400/50,500,33.37,0,7.23,0,0.27,0.8,31.49037
A,400/50,500,33.37,0,7.23,0,0.3,0.8,33.23834
A,400/50,500,33.37,0,7.23,0,0.03,0.9,3.09642
A,400/50,500,33.37,0,7.23,0,0.06,0.9,6.21575
A,400/50,500,33.37,0,7.23,0,0.09,0.9,9.97906
A,400/50,500,33.37,0,7.23,0,0.12,0.9,14.30028
A,400/50,500,33.37,0,7.23,0,0.15,0.9,19.04919
A,400/50,500,33.37,0,7.23,0,0.18,0.9,24.08343
A,400/50,500,33.37,0,7.23,0,0.21,0.9,29.62592
A,400/50,500,33.37,0,7.23,0,0.24,0.9,34.93133
A,400/50,500,33.37,0,7.23,0,0.27,0.9,39.37073
A,400/50,500,33.37,0,7.23,0,0.3,0.9,42.11675
A,400/50,500,33.37,0,7.23,0,0.03,0.7,2.55328
A,400/50,500,33.37,0,7.23,0,0.06,0.7,4.94976
A,400/50,500,33.37,0,7.23,0,0.09,0.7,7.78058
A,400/50,500,33.37,0,7.23,0,0.12,0.7,10.92174
A,400/50,500,33.37,0,7.23,0,0.15,0.7,14.45352
A,400/50,500,33.37,0,7.23,0,0.18,0.7,18.07891
A,400/50,500,33.37,0,7.23,0,0.21,0.7,21.47403
A,400/50,500,33.37,0,7.23,0,0.24,0.7,24.50727
A,400/50,500,33.37,0,7.23,0,0.27,0.7,26.80048
A,400/50,500,33.37,0,7.23,0,0.3,0.7,27.90169
B,400/50,500,33.37,0,7.23,0,0.03,1,2.70367
B,400/50,500,33.37,0,7.23,0,0.06,1,6.13767
B,400/50,500,33.37,0,7.23,0,0.09,1,10.27114
B,400/50,500,33.37,0,7.23,0,0.12,1,15.04083
B,400/50,500,33.37,0,7.23,0,0.15,1,20.36251
B,400/50,500,33.37,0,7.23,0,0.18,1,26.1261
B,400/50,500,33.37,0,7.23,0,0.21,1,32.16595
B,400/50,500,33.37,0,7.23,0,0.24,1,38.21527
B,400/50,500,33.37,0,7.23,0,0.27,1,44.56785
B,400/50,500,33.37,0,7.23,0,0.3,1,49.61544
B,400/50,500,33.37,0,7.23,0,0.03,0.8,2.15522
B,400/50,500,33.37,0,7.23,0,0.06,0.8,4.8738
B,400/50,500,33.37,0,7.23,0,0.09,0.8,8.10364
B,400/50,500,33.37,0,7.23,0,0.12,0.8,11.74492
B,400/50,500,33.37,0,7.23,0,0.15,0.8,15.64996
B,400/50,500,33.37,0,7.23,0,0.18,0.8,19.95113
B,400/50,500,33.37,0,7.23,0,0.21,0.8,24.24887
B,400/50,500,33.37,0,7.23,0,0.24,0.8,28.13616
B,400/50,500,33.37,0,7.23,0,0.27,0.8,31.20705
B,400/50,500,33.37,0,7.23,0,0.3,0.8,33.11535
B,400/50,500,33.37,0,7.23,0,0.03,0.9,2.42939
B,400/50,500,33.37,0,7.23,0,0.06,0.9,5.50685
B,400/50,500,33.37,0,7.23,0,0.09,0.9,9.19374
B,400/50,500,33.37,0,7.23,0,0.12,0.9,13.41019
B,400/50,500,33.37,0,7.23,0,0.15,0.9,18.0358
B,400/50,500,33.37,0,7.23,0,0.18,0.9,22.9006
B,400/50,500,33.37,0,7.23,0,0.21,0.9,28.15615
B,400/50,500,33.37,0,7.23,0,0.24,0.9,33.33815
B,400/50,500,33.37,0,7.23,0,0.27,0.9,37.77982
B,400/50,500,33.37,0,7.23,0,0.3,0.9,40.7408
B,400/50,500,33.37,0,7.23,0,0.03,0.7,1.88141
B,400/50,500,33.37,0,7.23,0,0.06,0.7,4.24141
B,400/50,500,33.37,0,7.23,0,0.09,0.7,7.01461
B,400/50,500,33.37,0,7.23,0,0.12,0.7,10.08739
B,400/50,500,33.37,0,7.23,0,0.15,0.7,13.46496
B,400/50,500,33.37,0,7.23,0,0.18,0.7,16.99882
B,400/50,500,33.37,0,7.23,0,0.21,0.7,20.34034
B,400/50,500,33.37,0,7.23,0,0.24,0.7,23.21416
B,400/50,500,33.37,0,7.23,0,0.27,0.7,25.55528
B,400/50,500,33.37,0,7.23,0,0.3,0.7,26.84167
C,500/65,600,40.42,0,9.25,60,0.2,0.8,21.9435
C,500/65,600,40.42,0,9.25,60,0.22,0.8,24.24178
C,500/65,600,40.42,0,9.25,60,0.24,0.8,26.30049
C,500/65,600,40.42,0,9.25,60,0.26,0.8,28.06939
C,500/65,600,40.42,0,9.25,60,0.28,0.8,29.5199
C,500/65,600,40.42,0,9.25,60,0.2,0.8,23.11267
C,500/65,600,40.42,0,9.25,60,0.22,0.8,25.40781
C,500/65,600,40.42,0,9.25,60,0.24,0.8,27.45369
C,500/65,600,40.42,0,9.25,60,0.26,0.8,29.20025
C,500/65,600,40.42,0,9.25,60,0.28,0.8,30.61984
C,500/65,600,40.42,0,9.25,60,0.2,0.8,22.548
C,500/65,600,40.42,0,9.25,60,0.22,0.8,24.84484
C,500/65,600,40.42,0,9.25,60,0.24,0.8,26.89709
C,500/65,600,40.42,0,9.25,60,0.26,0.8,28.6546
C,500/65,600,40.42,0,9.25,60,0.28,0.8,30.08929
C,500/65,600,40.42,0,9.25,60,0.2,0.8,22.21945
C,500/65,600,40.42,0,9.25,60,0.22,0.8,24.52743
C,500/65,600,40.42,0,9.25,60,0.24,0.8,26.59587
C,500/65,600,40.42,0,9.25,60,0.26,0.8,28.37358
C,500/65,600,40.42,0,9.25,60,0.28,0.8,29.83085
C,500/65,600,40.42,0,9.25,60,0.2,0.8,25.1636
C,500/65,600,40.42,0,9.25,60,0.22,0.8,27.47206
C,500/65,600,40.42,0,9.25,60,0.24,0.8,29.51379
C,500/65,600,40.42,0,9.25,60,0.26,0.8,31.23788
C,500/65,600,40.42,0,9.25,60,0.28,0.8,32.61721
C,500/65,600,40.42,0,9.25,60,0.2,0.8,23.73877
C,500/65,600,40.42,0,9.25,60,0.22,0.8,26.0483
C,500/65,600,40.42,0,9.25,60,0.24,0.8,28.10427
C,500/65,600,40.42,0,9.25,60,0.26,0.8,29.8556
C,500/65,600,40.42,0,9.25,60,0.28,0.8,31.27388
B,500/65,650,40.42,0,11.74,0,0.2,0.8,23.03811
B,500/65,650,40.42,0,11.74,0,0.22,0.8,25.49582
B,500/65,650,40.42,0,11.74,0,0.24,0.8,27.74656
B,500/65,650,40.42,0,11.74,0,0.26,0.8,29.76196
B,500/65,650,40.42,0,11.74,0,0.28,0.8,31.53268
B,500/65,650,40.42,0,11.74,0,0.2,0.8,24.39026
B,500/65,650,40.42,0,11.74,0,0.22,0.8,26.84272
B,500/65,650,40.42,0,11.74,0,0.24,0.8,29.07937
B,500/65,650,40.42,0,11.74,0,0.26,0.8,31.07314
B,500/65,650,40.42,0,11.74,0,0.28,0.8,32.81633
B,500/65,650,40.42,0,11.74,0,0.2,0.8,23.77438
B,500/65,650,40.42,0,11.74,0,0.22,0.8,26.48903
B,500/65,650,40.42,0,11.74,0,0.24,0.8,29.0833
B,500/65,650,40.42,0,11.74,0,0.26,0.8,31.64959
B,500/65,650,40.42,0,11.74,0,0.28,0.8,33.93543
B,500/65,650,40.42,0,9.25,0,0.2,0.8,22.16176
B,500/65,650,40.42,0,9.25,0,0.22,0.8,24.30277
B,500/65,650,40.42,0,9.25,0,0.24,0.8,26.20008
B,500/65,650,40.42,0,9.25,0,0.26,0.8,27.83477
B,500/65,650,40.42,0,9.25,0,0.28,0.8,29.21147
B,500/65,650,40.42,0,9.25,0,0.2,0.8,25.38573
B,500/65,650,40.42,0,9.25,0,0.22,0.8,27.50941
B,500/65,650,40.42,0,9.25,0,0.24,0.8,30.93127
B,500/65,650,40.42,0,9.25,0,0.26,0.8,30.93127
B,500/65,650,40.42,0,9.25,0,0.28,0.8,32.22691
B,500/65,650,40.42,0,9.25,0,0.2,0.8,24.06389
B,500/65,650,40.42,0,9.25,0,0.22,0.8,26.53677
B,500/65,650,40.42,0,9.25,0,0.24,0.8,28.79469
B,500/65,650,40.42,0,9.25,0,0.26,0.8,30.8011
B,500/65,650,40.42,0,9.25,0,0.28,0.8,32.59139
C,500/65,600,40.42,50,9.25,60,0.2,0.8,22.08848
C,500/65,600,40.42,50,9.25,60,0.22,0.8,24.40311
C,500/65,600,40.42,50,9.25,60,0.24,0.8,26.47334
C,500/65,600,40.42,50,9.25,60,0.26,0.8,28.2457
C,500/65,600,40.42,50,9.25,60,0.28,0.8,29.68816
C,500/65,600,40.42,50,9.25,60,0.2,0.8,23.25763
C,500/65,600,40.42,50,9.25,60,0.22,0.8,25.56936
C,500/65,600,40.42,50,9.25,60,0.24,0.8,27.62658
C,500/65,600,40.42,50,9.25,60,0.26,0.8,29.37576
C,500/65,600,40.42,50,9.25,60,0.28,0.8,30.78569
C,500/65,600,40.42,50,9.25,60,0.2,0.8,22.69299
C,500/65,600,40.42,50,9.25,60,0.22,0.8,25.00631
C,500/65,600,40.42,50,9.25,60,0.24,0.8,27.06999
C,500/65,600,40.42,50,9.25,60,0.26,0.8,28.83055
C,500/65,600,40.42,50,9.25,60,0.28,0.8,30.25637
C,500/65,600,40.42,50,9.25,60,0.2,0.8,22.36348
C,500/65,600,40.42,50,9.25,60,0.22,0.8,24.68865
C,500/65,600,40.42,50,9.25,60,0.24,0.8,26.76968
C,500/65,600,40.42,50,9.25,60,0.26,0.8,28.55218
C,500/65,600,40.42,50,9.25,60,0.28,0.8,30.00297
C,500/65,600,40.42,50,9.25,60,0.2,0.8,25.31001
C,500/65,600,40.42,50,9.25,60,0.22,0.8,27.63623
C,500/65,600,40.42,50,9.25,60,0.24,0.8,29.68993
C,500/65,600,40.42,50,9.25,60,0.26,0.8,31.41639
C,500/65,600,40.42,50,9.25,60,0.28,0.8,32.78461
C,500/65,600,40.42,50,9.25,60,0.2,0.8,23.88414
C,500/65,600,40.42,50,9.25,60,0.22,0.8,26.2112
C,500/65,600,40.42,50,9.25,60,0.24,0.8,28.27951
C,500/65,600,40.42,50,9.25,60,0.26,0.8,30.03451
C,500/65,600,40.42,50,9.25,60,0.28,0.8,31.44406
B,500/65,650,40.42,50,11.74,0,0.2,0.8,23.26542
B,500/65,650,40.42,50,11.74,0,0.22,0.8,25.75372
B,500/65,650,40.42,50,11.74,0,0.24,0.8,28.03353
B,500/65,650,40.42,50,11.74,0,0.26,0.8,30.07378
B,500/65,650,40.42,50,11.74,0,0.28,0.8,31.8622
B,500/65,650,40.42,50,11.74,0,0.2,0.8,24.62126
B,500/65,650,40.42,50,11.74,0,0.22,0.8,27.10493
B,500/65,650,40.42,50,11.74,0,0.24,0.8,29.37087
B,500/65,650,40.42,50,11.74,0,0.26,0.8,31.3892
B,500/65,650,40.42,50,11.74,0,0.28,0.8,33.14917
B,500/65,650,40.42,50,11.74,0,0.2,0.8,23.96623
B,500/65,650,40.42,50,11.74,0,0.22,0.8,26.45227
B,500/65,650,40.42,50,11.74,0,0.24,0.8,28.72505
B,500/65,650,40.42,50,11.74,0,0.26,0.8,30.75409
B,500/65,650,40.42,50,11.74,0,0.28,0.8,32.52791
B,500/65,650,40.42,50,9.25,0,0.2,0.8,22.38388
B,500/65,650,40.42,50,9.25,0,0.22,0.8,24.54928
B,500/65,650,40.42,50,9.25,0,0.24,0.8,26.4657
B,500/65,650,40.42,50,9.25,0,0.26,0.8,28.11057
B,500/65,650,40.42,50,9.25,0,0.28,0.8,29.48516
B,500/65,650,40.42,50,9.25,0,0.2,0.8,25.62134
B,500/65,650,40.42,50,9.25,0,0.22,0.8,27.76966
B,500/65,650,40.42,50,9.25,0,0.24,0.8,29.64023
B,500/65,650,40.42,50,9.25,0,0.26,0.8,31.21522
B,500/65,650,40.42,50,9.25,0,0.28,0.8,32.50236
B,500/65,650,40.42,50,9.25,0,0.2,0.8,24.05284
B,500/65,650,40.42,50,9.25,0,0.22,0.8,26.21079
B,500/65,650,40.42,50,9.25,0,0.24,0.8,28.1049
B,500/65,650,40.42,50,9.25,0,0.26,0.8,29.71492
B,500/65,650,40.42,50,9.25,0,0.28,0.8,31.04536
C,500/65,600,40.42,0,9.25,60,0.2,0.8,22.0499
C,500/65,600,40.42,0,9.25,60,0.22,0.8,24.35073
C,500/65,600,40.42,0,9.25,60,0.24,0.8,26.41209
C,500/65,600,40.42,0,9.25,60,0.26,0.8,28.1834
C,500/65,600,40.42,0,9.25,60,0.28,0.8,29.63562
C,500/65,600,40.42,0,9.25,60,0.2,0.8,24.26432
C,500/65,600,40.42,0,9.25,60,0.22,0.8,26.55808
C,500/65,600,40.42,0,9.25,60,0.24,0.8,28.59414
C,500/65,600,40.42,0,9.25,60,0.26,0.8,30.32222
C,500/65,600,40.42,0,9.25,60,0.28,0.8,31.71509
C,500/65,600,40.42,0,9.25,60,0.2,0.8,23.19358
C,500/65,600,40.42,0,9.25,60,0.22,0.8,25.4914
C,500/65,600,40.42,0,9.25,60,0.24,0.8,27.54031
C,500/65,600,40.42,0,9.25,60,0.26,0.8,29.28988
C,500/65,600,40.42,0,9.25,60,0.28,0.8,30.71201
C,500/65,600,40.42,0,9.25,60,0.2,0.8,22.36127
C,500/65,600,40.42,0,9.25,60,0.22,0.8,24.68698
C,500/65,600,40.42,0,9.25,60,0.24,0.8,26.77282
C,500/65,600,40.42,0,9.25,60,0.26,0.8,28.56687
C,500/65,600,40.42,0,9.25,60,0.28,0.8,30.03848
C,500/65,600,40.42,0,9.25,60,0.2,0.8,25.45918
C,500/65,600,40.42,0,9.25,60,0.22,0.8,27.79778
C,500/65,600,40.42,0,9.25,60,0.24,0.8,29.86194
C,500/65,600,40.42,0,9.25,60,0.26,0.8,31.60009
C,500/65,600,40.42,0,9.25,60,0.28,0.8,32.98508
C,500/65,600,40.42,0,9.25,60,0.2,0.8,23.9603
C,500/65,600,40.42,0,9.25,60,0.22,0.8,26.29491
C,500/65,600,40.42,0,9.25,60,0.24,0.8,28.37201
C,500/65,600,40.42,0,9.25,60,0.26,0.8,30.13973
C,500/65,600,40.42,0,9.25,60,0.28,0.8,31.56909
B,500/65,650,40.42,0,11.74,0,0.2,0.8,23.16965
B,500/65,650,40.42,0,11.74,0,0.22,0.8,25.62413
B,500/65,650,40.42,0,11.74,0,0.24,0.8,27.87194
B,500/65,650,40.42,0,11.74,0,0.26,0.8,29.88434
B,500/65,650,40.42,0,11.74,0,0.28,0.8,31.65174
B,500/65,650,40.42,0,11.74,0,0.2,0.8,25.73612
B,500/65,650,40.42,0,11.74,0,0.22,0.8,28.17967
B,500/65,650,40.42,0,11.74,0,0.24,0.8,30.39989
B,500/65,650,40.42,0,11.74,0,0.26,0.8,32.37063
B,500/65,650,40.42,0,11.74,0,0.28,0.8,34.08532
B,500/65,650,40.42,0,11.74,0,0.2,0.8,24.41128
B,500/65,650,40.42,0,11.74,0,0.22,0.8,27.12534
B,500/65,650,40.42,0,11.74,0,0.24,0.8,29.67496
B,500/65,650,40.42,0,11.74,0,0.26,0.8,32.35465
B,500/65,650,40.42,0,11.74,0,0.28,0.8,34.63873
B,500/65,650,40.42,0,9.25,0,0.2,0.8,22.35269
B,500/65,650,40.42,0,9.25,0,0.22,0.8,24.5037
B,500/65,650,40.42,0,9.25,0,0.24,0.8,26.41004
B,500/65,650,40.42,0,9.25,0,0.26,0.8,28.05198
B,500/65,650,40.42,0,9.25,0,0.28,0.8,29.43338
B,500/65,650,40.42,0,9.25,0,0.2,0.8,25.76503
B,500/65,650,40.42,0,9.25,0,0.22,0.8,27.90662
B,500/65,650,40.42,0,9.25,0,0.24,0.8,29.76883
B,500/65,650,40.42,0,9.25,0,0.26,0.8,31.33849
B,500/65,650,40.42,0,9.25,0,0.28,0.8,32.62812
B,500/65,650,40.42,0,9.25,0,0.2,0.8,24.28976
B,500/65,650,40.42,0,9.25,0,0.22,0.8,26.78192
B,500/65,650,40.42,0,9.25,0,0.24,0.8,29.05636
B,500/65,650,40.42,0,9.25,0,0.26,0.8,31.05958
B,500/65,650,40.42,0,9.25,0,0.28,0.8,32.8663
C,500/65,600,40.42,50,9.25,60,0.2,0.8,22.1946
C,500/65,600,40.42,50,9.25,60,0.22,0.8,24.51209
C,500/65,600,40.42,50,9.25,60,0.24,0.8,26.58537
C,500/65,600,40.42,50,9.25,60,0.26,0.8,28.3606
C,500/65,600,40.42,50,9.25,60,0.28,0.8,29.80534
C,500/65,600,40.42,50,9.25,60,0.2,0.8,24.40885
C,500/65,600,40.42,50,9.25,60,0.22,0.8,26.71972
C,500/65,600,40.42,50,9.25,60,0.24,0.8,28.76732
C,500/65,600,40.42,50,9.25,60,0.26,0.8,30.49771
C,500/65,600,40.42,50,9.25,60,0.28,0.8,31.87997
C,500/65,600,40.42,50,9.25,60,0.2,0.8,23.33826
C,500/65,600,40.42,50,9.25,60,0.22,0.8,25.65298
C,500/65,600,40.42,50,9.25,60,0.24,0.8,27.71364
C,500/65,600,40.42,50,9.25,60,0.26,0.8,29.46637
C,500/65,600,40.42,50,9.25,60,0.28,0.8,30.87947
C,500/65,600,40.42,50,9.25,60,0.2,0.8,22.50463
C,500/65,600,40.42,50,9.25,60,0.22,0.8,24.84787
C,500/65,600,40.42,50,9.25,60,0.24,0.8,26.9469
C,500/65,600,40.42,50,9.25,60,0.26,0.8,28.74654
C,500/65,600,40.42,50,9.25,60,0.28,0.8,30.21273
C,500/65,600,40.42,50,9.25,60,0.2,0.8,25.61227
C,500/65,600,40.42,50,9.25,60,0.22,0.8,27.96872
C,500/65,600,40.42,50,9.25,60,0.24,0.8,30.04505
C,500/65,600,40.42,50,9.25,60,0.26,0.8,31.78574
C,500/65,600,40.42,50,9.25,60,0.28,0.8,33.15972
C,500/65,600,40.42,50,9.25,60,0.2,0.8,24.10878
C,500/65,600,40.42,50,9.25,60,0.22,0.8,26.46119
C,500/65,600,40.42,50,9.25,60,0.24,0.8,28.55105
C,500/65,600,40.42,50,9.25,60,0.26,0.8,30.323
C,500/65,600,40.42,50,9.25,60,0.28,0.8,31.7443
B,500/65,650,40.42,50,11.74,0,0.2,0.8,23.39714
B,500/65,650,40.42,50,11.74,0,0.22,0.8,25.88227
B,500/65,650,40.42,50,11.74,0,0.24,0.8,28.15927
B,500/65,650,40.42,50,11.74,0,0.26,0.8,30.19676
B,500/65,650,40.42,50,11.74,0,0.28,0.8,31.98215
B,500/65,650,40.42,50,11.74,0,0.2,0.8,25.97035
B,500/65,650,40.42,50,11.74,0,0.22,0.8,28.44569
B,500/65,650,40.42,50,11.74,0,0.24,0.8,30.69554
B,500/65,650,40.42,50,11.74,0,0.26,0.8,32.69076
B,500/65,650,40.42,50,11.74,0,0.28,0.8,34.4217
B,500/65,650,40.42,50,11.74,0,0.2,0.8,24.72532
B,500/65,650,40.42,50,11.74,0,0.22,0.8,27.20591
B,500/65,650,40.42,50,11.74,0,0.24,0.8,29.46938
B,500/65,650,40.42,50,11.74,0,0.26,0.8,31.48545
B,500/65,650,40.42,50,11.74,0,0.28,0.8,33.24307
B,500/65,650,40.42,50,9.25,0,0.2,0.8,22.57555
B,500/65,650,40.42,50,9.25,0,0.22,0.8,24.75115
B,500/65,650,40.42,50,9.25,0,0.24,0.8,26.67711
B,500/65,650,40.42,50,9.25,0,0.26,0.8,28.32999
B,500/65,650,40.42,50,9.25,0,0.28,0.8,29.71032
B,500/65,650,40.42,50,9.25,0,0.2,0.8,26.00851
B,500/65,650,40.42,50,9.25,0,0.22,0.8,28.17509
B,500/65,650,40.42,50,9.25,0,0.24,0.8,30.05518
B,500/65,650,40.42,50,9.25,0,0.26,0.8,31.63133
B,500/65,650,40.42,50,9.25,0,0.28,0.8,32.91253
B,500/65,650,40.42,50,9.25,0,0.2,0.8,24.34657
B,500/65,650,40.42,50,9.25,0,0.22,0.8,26.51985
B,500/65,650,40.42,50,9.25,0,0.24,0.8,28.42456
B,500/65,650,40.42,50,9.25,0,0.26,0.8,30.04014
B,500/65,650,40.42,50,9.25,0,0.28,0.8,31.37121
C,500/65,600,40.42,0,9.25,60,0.2,0.85,23.91683
C,500/65,600,40.42,0,9.25,60,0.22,0.85,26.51378
C,500/65,600,40.42,0,9.25,60,0.24,0.85,28.86768
C,500/65,600,40.42,0,9.25,60,0.26,0.85,30.91432
C,500/65,600,40.42,0,9.25,60,0.28,0.85,32.6123
C,500/65,600,40.42,0,9.25,60,0.2,0.85,26.23188
C,500/65,600,40.42,0,9.25,60,0.22,0.85,28.83972
C,500/65,600,40.42,0,9.25,60,0.24,0.85,31.1866
C,500/65,600,40.42,0,9.25,60,0.26,0.85,33.20765
C,500/65,600,40.42,0,9.25,60,0.28,0.85,34.86252
C,500/65,600,40.42,0,9.25,60,0.2,0.85,25.11249
C,500/65,600,40.42,0,9.25,60,0.22,0.85,27.71571
C,500/65,600,40.42,0,9.25,60,0.24,0.85,30.06661
C,500/65,600,40.42,0,9.25,60,0.26,0.85,32.10066
C,500/65,600,40.42,0,9.25,60,0.28,0.85,33.77694
C,500/65,600,40.42,0,9.25,60,0.2,0.85,24.2326
C,500/65,600,40.42,0,9.25,60,0.22,0.85,26.86113
C,500/65,600,40.42,0,9.25,60,0.24,0.85,29.24822
C,500/65,600,40.42,0,9.25,60,0.26,0.85,31.32811
C,500/65,600,40.42,0,9.25,60,0.28,0.85,33.05725
C,500/65,600,40.42,0,9.25,60,0.2,0.85,27.4441
C,500/65,600,40.42,0,9.25,60,0.22,0.85,30.11194
C,500/65,600,40.42,0,9.25,60,0.24,0.85,32.50406
C,500/65,600,40.42,0,9.25,60,0.26,0.85,34.55312
C,500/65,600,40.42,0,9.25,60,0.28,0.85,36.21759
C,500/65,600,40.42,0,9.25,60,0.2,0.85,25.89033
C,500/65,600,40.42,0,9.25,60,0.22,0.85,28.54153
C,500/65,600,40.42,0,9.25,60,0.24,0.85,30.93382
C,500/65,600,40.42,0,9.25,60,0.26,0.85,33.00062
C,500/65,600,40.42,0,9.25,60,0.28,0.85,34.69918
B,500/65,650,40.42,0,11.74,0,0.2,0.85,25.06556
B,500/65,650,40.42,0,11.74,0,0.22,0.85,27.80553
B,500/65,650,40.42,0,11.74,0,0.24,0.85,30.34111
B,500/65,650,40.42,0,11.74,0,0.26,0.85,32.64088
B,500/65,650,40.42,0,11.74,0,0.28,0.85,34.69253
B,500/65,650,40.42,0,11.74,0,0.2,0.85,27.7438
B,500/65,650,40.42,0,11.74,0,0.22,0.85,30.49003
B,500/65,650,40.42,0,11.74,0,0.24,0.85,33.0176
B,500/65,650,40.42,0,11.74,0,0.26,0.85,35.29447
B,500/65,650,40.42,0,11.74,0,0.28,0.85,37.31229
B,500/65,650,40.42,0,11.74,0,0.2,0.85,26.3819
B,500/65,650,40.42,0,11.74,0,0.22,0.85,29.43226
B,500/65,650,40.42,0,11.74,0,0.24,0.85,32.33315
B,500/65,650,40.42,0,11.74,0,0.26,0.85,35.19914
B,500/65,650,40.42,0,11.74,0,0.28,0.85,37.86137
B,500/65,650,40.42,0,9.25,0,0.2,0.85,24.25975
B,500/65,650,40.42,0,9.25,0,0.22,0.85,26.59866
B,500/65,650,40.42,0,9.25,0,0.24,0.85,28.76289
B,500/65,650,40.42,0,9.25,0,0.26,0.85,30.65388
B,500/65,650,40.42,0,9.25,0,0.28,0.85,32.32476
B,500/65,650,40.42,0,9.25,0,0.2,0.85,27.74624
B,500/65,650,40.42,0,9.25,0,0.22,0.85,30.1763
B,500/65,650,40.42,0,9.25,0,0.24,0.85,32.32186
B,500/65,650,40.42,0,9.25,0,0.26,0.85,34.16586
B,500/65,650,40.42,0,9.25,0,0.28,0.85,35.72125
B,500/65,650,40.42,0,9.25,0,0.2,0.85,26.23513
B,500/65,650,40.42,0,9.25,0,0.22,0.85,29.05464
B,500/65,650,40.42,0,9.25,0,0.24,0.85,31.66327
B,500/65,650,40.42,0,9.25,0,0.26,0.85,33.99508
B,500/65,650,40.42,0,9.25,0,0.28,0.85,36.00168
C,500/65,600,40.42,50,9.25,60,0.2,0.85,24.06214
C,500/65,600,40.42,50,9.25,60,0.22,0.85,26.67818
C,500/65,600,40.42,50,9.25,60,0.24,0.85,29.04605
C,500/65,600,40.42,50,9.25,60,0.26,0.85,31.09706
C,500/65,600,40.42,50,9.25,60,0.28,0.85,32.78496
C,500/65,600,40.42,50,9.25,60,0.2,0.85,26.37741
C,500/65,600,40.42,50,9.25,60,0.22,0.85,29.00508
C,500/65,600,40.42,50,9.25,60,0.24,0.85,31.36573
C,500/65,600,40.42,50,9.25,60,0.26,0.85,33.38952
C,500/65,600,40.42,50,9.25,60,0.28,0.85,35.03085
C,500/65,600,40.42,50,9.25,60,0.2,0.85,25.25797
C,500/65,600,40.42,50,9.25,60,0.22,0.85,27.88067
C,500/65,600,40.42,50,9.25,60,0.24,0.85,30.24548
C,500/65,600,40.42,50,9.25,60,0.26,0.85,32.28311
C,500/65,600,40.42,50,9.25,60,0.28,0.85,33.9476
C,500/65,600,40.42,50,9.25,60,0.2,0.85,24.37641
C,500/65,600,40.42,50,9.25,60,0.22,0.85,27.02506
C,500/65,600,40.42,50,9.25,60,0.24,0.85,29.42766
C,500/65,600,40.42,50,9.25,60,0.26,0.85,31.5142
C,500/65,600,40.42,50,9.25,60,0.28,0.85,33.23621
C,500/65,600,40.42,50,9.25,60,0.2,0.85,27.59878
C,500/65,600,40.42,50,9.25,60,0.22,0.85,30.28754
C,500/65,600,40.42,50,9.25,60,0.24,0.85,32.69456
C,500/65,600,40.42,50,9.25,60,0.26,0.85,34.74725
C,500/65,600,40.42,50,9.25,60,0.28,0.85,36.39847
C,500/65,600,40.42,50,9.25,60,0.2,0.85,26.03984
C,500/65,600,40.42,50,9.25,60,0.22,0.85,28.71162
C,500/65,600,40.42,50,9.25,60,0.24,0.85,31.11926
C,500/65,600,40.42,50,9.25,60,0.26,0.85,33.19135
C,500/65,600,40.42,50,9.25,60,0.28,0.85,34.87994
B,500/65,650,40.42,50,11.74,0,0.2,0.85,25.30227
B,500/65,650,40.42,50,11.74,0,0.22,0.85,28.07785
B,500/65,650,40.42,50,11.74,0,0.24,0.85,30.64835
B,500/65,650,40.42,50,11.74,0,0.26,0.85,32.98021
B,500/65,650,40.42,50,11.74,0,0.28,0.85,35.05548
B,500/65,650,40.42,50,11.74,0,0.2,0.85,27.98818
B,500/65,650,40.42,50,11.74,0,0.22,0.85,30.77236
B,500/65,650,40.42,50,11.74,0,0.24,0.85,33.33564
B,500/65,650,40.42,50,11.74,0,0.26,0.85,35.64347
B,500/65,650,40.42,50,11.74,0,0.28,0.85,37.68353
B,500/65,650,40.42,50,11.74,0,0.2,0.85,26.68858
B,500/65,650,40.42,50,11.74,0,0.22,0.85,29.46871
B,500/65,650,40.42,50,11.74,0,0.24,0.85,32.03667
B,500/65,650,40.42,50,11.74,0,0.26,0.85,34.35608
B,500/65,650,40.42,50,11.74,0,0.28,0.85,36.41325
B,500/65,650,40.42,50,9.25,0,0.2,0.85,24.46176
B,500/65,650,40.42,50,9.25,0,0.22,0.85,26.86152
B,500/65,650,40.42,50,9.25,0,0.24,0.85,29.04952
B,500/65,650,40.42,50,9.25,0,0.26,0.85,30.95456
B,500/65,650,40.42,50,9.25,0,0.28,0.85,32.57884
B,500/65,650,40.42,50,9.25,0,0.2,0.85,28.00258
B,500/65,650,40.42,50,9.25,0,0.22,0.85,30.46257
B,500/65,650,40.42,50,9.25,0,0.24,0.85,32.63055
B,500/65,650,40.42,50,9.25,0,0.26,0.85,34.48412
B,500/65,650,40.42,50,9.25,0,0.28,0.85,36.0319
B,500/65,650,40.42,50,9.25,0,0.2,0.85,26.26721
B,500/65,650,40.42,50,9.25,0,0.22,0.85,28.72127
B,500/65,650,40.42,50,9.25,0,0.24,0.85,30.90143
B,500/65,650,40.42,50,9.25,0,0.26,0.85,32.78224
B,500/65,650,40.42,50,9.25,0,0.28,0.85,34.36758
C,500/65,600,40.42,0,9.25,60,0.2,0.85,23.80779
C,500/65,600,40.42,0,9.25,60,0.22,0.85,26.40046
C,500/65,600,40.42,0,9.25,60,0.24,0.85,28.74953
C,500/65,600,40.42,0,9.25,60,0.26,0.85,30.79121
C,500/65,600,40.42,0,9.25,60,0.28,0.85,32.48469
C,500/65,600,40.42,0,9.25,60,0.2,0.85,25.03024
C,500/65,600,40.42,0,9.25,60,0.22,0.85,27.62929
C,500/65,600,40.42,0,9.25,60,0.24,0.85,29.97519
C,500/65,600,40.42,0,9.25,60,0.26,0.85,32.00384
C,500/65,600,40.42,0,9.25,60,0.28,0.85,33.67498
C,500/65,600,40.42,0,9.25,60,0.2,0.85,24.43984
C,500/65,600,40.42,0,9.25,60,0.22,0.85,27.03599
C,500/65,600,40.42,0,9.25,60,0.24,0.85,29.3836
C,500/65,600,40.42,0,9.25,60,0.26,0.85,31.41873
C,500/65,600,40.42,0,9.25,60,0.28,0.85,33.10081
C,500/65,600,40.42,0,9.25,60,0.2,0.85,24.09082
C,500/65,600,40.42,0,9.25,60,0.22,0.85,26.69806
C,500/65,600,40.42,0,9.25,60,0.24,0.85,29.06299
C,500/65,600,40.42,0,9.25,60,0.26,0.85,31.12072
C,500/65,600,40.42,0,9.25,60,0.28,0.85,32.82884
C,500/65,600,40.42,0,9.25,60,0.2,0.85,27.15586
C,500/65,600,40.42,0,9.25,60,0.22,0.85,29.78788
C,500/65,600,40.42,0,9.25,60,0.24,0.85,32.15096
C,500/65,600,40.42,0,9.25,60,0.26,0.85,34.17904
C,500/65,600,40.42,0,9.25,60,0.28,0.85,35.83125
C,500/65,600,40.42,0,9.25,60,0.2,0.85,25.67259
C,500/65,600,40.42,0,9.25,60,0.22,0.85,28.29395
C,500/65,600,40.42,0,9.25,60,0.24,0.85,30.65927
C,500/65,600,40.42,0,9.25,60,0.26,0.85,32.70304
C,500/65,600,40.42,0,9.25,60,0.28,0.85,34.38358
B,500/65,650,40.42,0,11.74,0,0.2,0.85,24.9308
B,500/65,650,40.42,0,11.74,0,0.22,0.85,27.673
B,500/65,650,40.42,0,11.74,0,0.24,0.85,30.21039
B,500/65,650,40.42,0,11.74,0,0.26,0.85,32.51062
B,500/65,650,40.42,0,11.74,0,0.28,0.85,34.56544
B,500/65,650,40.42,0,11.74,0,0.2,0.85,26.34183
B,500/65,650,40.42,0,11.74,0,0.22,0.85,29.08787
B,500/65,650,40.42,0,11.74,0,0.24,0.85,31.62055
B,500/65,650,40.42,0,11.74,0,0.26,0.85,33.91103
B,500/65,650,40.42,0,11.74,0,0.28,0.85,35.94716
B,500/65,650,40.42,0,11.74,0,0.2,0.85,25.72299
B,500/65,650,40.42,0,11.74,0,0.22,0.85,28.76954
B,500/65,650,40.42,0,11.74,0,0.24,0.85,31.66879
B,500/65,650,40.42,0,11.74,0,0.26,0.85,34.45605
B,500/65,650,40.42,0,11.74,0,0.28,0.85,37.11233
B,500/65,650,40.42,0,9.25,0,0.2,0.85,24.06244
B,500/65,650,40.42,0,9.25,0,0.22,0.85,26.39213
B,500/65,650,40.42,0,9.25,0,0.24,0.85,28.54387
B,500/65,650,40.42,0,9.25,0,0.26,0.85,30.42387
B,500/65,650,40.42,0,9.25,0,0.28,0.85,32.114
B,500/65,650,40.42,0,9.25,0,0.2,0.85,27.3606
B,500/65,650,40.42,0,9.25,0,0.22,0.85,29.76797
B,500/65,650,40.42,0,9.25,0,0.24,0.85,31.89973
B,500/65,650,40.42,0,9.25,0,0.26,0.85,33.73864
B,500/65,650,40.42,0,9.25,0,0.28,0.85,35.29649
B,500/65,650,40.42,0,9.25,0,0.2,0.85,26.01393
B,500/65,650,40.42,0,9.25,0,0.22,0.85,28.81065
B,500/65,650,40.42,0,9.25,0,0.24,0.85,31.39827
B,500/65,650,40.42,0,9.25,0,0.26,0.85,33.71174
B,500/65,650,40.42,0,9.25,0,0.28,0.85,35.70348
C,500/65,600,40.42,50,9.25,60,0.2,0.85,23.95339
C,500/65,600,40.42,50,9.25,60,0.22,0.85,26.56478
C,500/65,600,40.42,50,9.25,60,0.24,0.85,28.92734
C,500/65,600,40.42,50,9.25,60,0.26,0.85,30.97272
C,500/65,600,40.42,50,9.25,60,0.28,0.85,32.6553
C,500/65,600,40.42,50,9.25,60,0.2,0.85,25.17602
C,500/65,600,40.42,50,9.25,60,0.22,0.85,27.79418
C,500/65,600,40.42,50,9.25,60,0.24,0.85,30.15347
C,500/65,600,40.42,50,9.25,60,0.26,0.85,32.18498
C,500/65,600,40.42,50,9.25,60,0.28,0.85,33.84343
C,500/65,600,40.42,50,9.25,60,0.2,0.85,24.58555
C,500/65,600,40.42,50,9.25,60,0.22,0.85,27.20063
C,500/65,600,40.42,50,9.25,60,0.24,0.85,29.56168
C,500/65,600,40.42,50,9.25,60,0.26,0.85,31.60009
C,500/65,600,40.42,50,9.25,60,0.28,0.85,33.27037
C,500/65,600,40.42,50,9.25,60,0.2,0.85,24.23539
C,500/65,600,40.42,50,9.25,60,0.22,0.85,26.86234
C,500/65,600,40.42,50,9.25,60,0.24,0.85,29.24212
C,500/65,600,40.42,50,9.25,60,0.26,0.85,31.30537
C,500/65,600,40.42,50,9.25,60,0.28,0.85,33.00485
C,500/65,600,40.42,50,9.25,60,0.2,0.85,27.3036
C,500/65,600,40.42,50,9.25,60,0.22,0.85,29.95634
C,500/65,600,40.42,50,9.25,60,0.24,0.85,32.33394
C,500/65,600,40.42,50,9.25,60,0.26,0.85,34.36516
C,500/65,600,40.42,50,9.25,60,0.28,0.85,36.00365
C,500/65,600,40.42,50,9.25,60,0.2,0.85,25.81889
C,500/65,600,40.42,50,9.25,60,0.22,0.85,28.46051
C,500/65,600,40.42,50,9.25,60,0.24,0.85,30.84058
C,500/65,600,40.42,50,9.25,60,0.26,0.85,32.88878
C,500/65,600,40.42,50,9.25,60,0.28,0.85,34.55823
B,500/65,650,40.42,50,11.74,0,0.2,0.85,25.1672
B,500/65,650,40.42,50,11.74,0,0.22,0.85,27.94499
B,500/65,650,40.42,50,11.74,0,0.24,0.85,30.51717
B,500/65,650,40.42,50,11.74,0,0.26,0.85,32.84988
B,500/65,650,40.42,50,11.74,0,0.28,0.85,34.92723
B,500/65,650,40.42,50,11.74,0,0.2,0.85,26.58245
B,500/65,650,40.42,50,11.74,0,0.22,0.85,29.36488
B,500/65,650,40.42,50,11.74,0,0.24,0.85,31.93354
B,500/65,650,40.42,50,11.74,0,0.26,0.85,34.25472
B,500/65,650,40.42,50,11.74,0,0.28,0.85,36.31345
B,500/65,650,40.42,50,11.74,0,0.2,0.85,25.8987
B,500/65,650,40.42,50,11.74,0,0.22,0.85,28.67903
B,500/65,650,40.42,50,11.74,0,0.24,0.85,31.24912
B,500/65,650,40.42,50,11.74,0,0.26,0.85,33.57652
B,500/65,650,40.42,50,11.74,0,0.28,0.85,35.64424
B,500/65,650,40.42,50,9.25,0,0.2,0.85,24.2637
B,500/65,650,40.42,50,9.25,0,0.22,0.85,26.65387
B,500/65,650,40.42,50,9.25,0,0.24,0.85,28.82877
B,500/65,650,40.42,50,9.25,0,0.26,0.85,30.72177
B,500/65,650,40.42,50,9.25,0,0.28,0.85,32.36481
B,500/65,650,40.42,50,9.25,0,0.2,0.85,27.60874
B,500/65,650,40.42,50,9.25,0,0.22,0.85,30.04555
B,500/65,650,40.42,50,9.25,0,0.24,0.85,32.19911
B,500/65,650,40.42,50,9.25,0,0.26,0.85,34.04697
B,500/65,650,40.42,50,9.25,0,0.28,0.85,35.59677
B,500/65,650,40.42,50,9.25,0,0.2,0.85,25.96867
B,500/65,650,40.42,50,9.25,0,0.22,0.85,28.40335
B,500/65,650,40.42,50,9.25,0,0.24,0.85,30.56851
B,500/65,650,40.42,50,9.25,0,0.26,0.85,32.43932
B,500/65,650,40.42,50,9.25,0,0.28,0.85,34.01985
C,500/45,500,40.42,0,9.25,60,0.2,0.8,19.43571
C,500/45,500,40.42,0,9.25,60,0.22,0.8,22.12903
C,500/45,500,40.42,0,9.25,60,0.24,0.8,24.82694
C,500/45,500,40.42,0,9.25,60,0.26,0.8,27.44447
C,500/45,500,40.42,0,9.25,60,0.28,0.8,29.91131
C,500/45,500,40.42,0,9.25,60,0.2,0.8,20.24598
C,500/45,500,40.42,0,9.25,60,0.22,0.8,22.98126
C,500/45,500,40.42,0,9.25,60,0.24,0.8,25.6988
C,500/45,500,40.42,0,9.25,60,0.26,0.8,28.33247
C,500/45,500,40.42,0,9.25,60,0.28,0.8,30.81103
C,500/45,500,40.42,0,9.25,60,0.2,0.8,19.84906
C,500/45,500,40.42,0,9.25,60,0.22,0.8,22.5699
C,500/45,500,40.42,0,9.25,60,0.24,0.8,25.27816
C,500/45,500,40.42,0,9.25,60,0.26,0.8,27.90411
C,500/45,500,40.42,0,9.25,60,0.28,0.8,30.37708
C,500/45,500,40.42,0,9.25,60,0.2,0.8,19.55051
C,500/45,500,40.42,0,9.25,60,0.22,0.8,22.23471
C,500/45,500,40.42,0,9.25,60,0.24,0.8,24.94156
C,500/45,500,40.42,0,9.25,60,0.26,0.8,27.5693
C,500/45,500,40.42,0,9.25,60,0.28,0.8,30.04791
C,500/45,500,40.42,0,9.25,60,0.2,0.8,21.72123
C,500/45,500,40.42,0,9.25,60,0.22,0.8,24.4074
C,500/45,500,40.42,0,9.25,60,0.24,0.8,27.17843
C,500/45,500,40.42,0,9.25,60,0.26,0.8,29.86096
C,500/45,500,40.42,0,9.25,60,0.28,0.8,32.38276
C,500/45,500,40.42,0,9.25,60,0.2,0.8,20.67412
C,500/45,500,40.42,0,9.25,60,0.22,0.8,23.35877
C,500/45,500,40.42,0,9.25,60,0.24,0.8,26.09914
C,500/45,500,40.42,0,9.25,60,0.26,0.8,28.75562
C,500/45,500,40.42,0,9.25,60,0.28,0.8,31.25668
B,500/45,500,40.42,0,7.23,0,0.2,0.8,19.18491
B,500/45,500,40.42,0,7.23,0,0.22,0.8,21.76944
B,500/45,500,40.42,0,7.23,0,0.24,0.8,24.35355
B,500/45,500,40.42,0,7.23,0,0.26,0.8,26.8237
B,500/45,500,40.42,0,7.23,0,0.28,0.8,29.10242
B,500/45,500,40.42,0,7.23,0,0.2,0.8,19.98496
B,500/45,500,40.42,0,7.23,0,0.22,0.8,22.62802
B,500/45,500,40.42,0,7.23,0,0.24,0.8,25.23254
B,500/45,500,40.42,0,7.23,0,0.26,0.8,27.71875
B,500/45,500,40.42,0,7.23,0,0.28,0.8,30.01196
B,500/45,500,40.42,0,7.23,0,0.2,0.8,19.59899
B,500/45,500,40.42,0,7.23,0,0.22,0.8,22.21372
B,500/45,500,40.42,0,7.23,0,0.24,0.8,24.8084
B,500/45,500,40.42,0,7.23,0,0.26,0.8,27.28688
B,500/45,500,40.42,0,7.23,0,0.28,0.8,29.5734
B,500/45,500,40.42,0,9.25,0,0.2,0.8,19.75995
B,500/45,500,40.42,0,9.25,0,0.22,0.8,22.5335
B,500/45,500,40.42,0,9.25,0,0.24,0.8,25.32044
B,500/45,500,40.42,0,9.25,0,0.26,0.8,28.05561
B,500/45,500,40.42,0,9.25,0,0.28,0.8,30.6751
B,500/45,500,40.42,0,9.25,0,0.2,0.8,21.91884
B,500/45,500,40.42,0,9.25,0,0.22,0.8,24.67763
B,500/45,500,40.42,0,9.25,0,0.24,0.8,27.52698
B,500/45,500,40.42,0,9.25,0,0.26,0.8,30.31602
B,500/45,500,40.42,0,9.25,0,0.28,0.8,32.97921
B,500/45,500,40.42,0,9.25,0,0.2,0.8,20.87867
B,500/45,500,40.42,0,9.25,0,0.22,0.8,23.64483
B,500/45,500,40.42,0,9.25,0,0.24,0.8,26.464
B,500/45,500,40.42,0,9.25,0,0.26,0.8,29.22686
B,500/45,500,40.42,0,9.25,0,0.28,0.8,31.86882
C,500/45,500,40.42,0,9.25,90,0.2,0.8,19.09775
C,500/45,500,40.42,0,9.25,90,0.22,0.8,21.6455
C,500/45,500,40.42,0,9.25,90,0.24,0.8,24.18642
C,500/45,500,40.42,0,9.25,90,0.26,0.8,26.5979
C,500/45,500,40.42,0,9.25,90,0.28,0.8,28.79771
C,500/45,500,40.42,0,9.25,90,0.2,0.8,19.89948
C,500/45,500,40.42,0,9.25,90,0.22,0.8,22.50823
C,500/45,500,40.42,0,9.25,90,0.24,0.8,25.06987
C,500/45,500,40.42,0,9.25,90,0.26,0.8,27.49747
C,500/45,500,40.42,0,9.25,90,0.28,0.8,29.70729
C,500/45,500,40.42,0,9.25,90,0.2,0.8,19.51262
C,500/45,500,40.42,0,9.25,90,0.22,0.8,22.09178
C,500/45,500,40.42,0,9.25,90,0.24,0.8,24.64348
C,500/45,500,40.42,0,9.25,90,0.26,0.8,27.06336
C,500/45,500,40.42,0,9.25,90,0.28,0.8,29.2684
C,500/45,500,40.42,0,9.25,90,0.2,0.8,19.22191
C,500/45,500,40.42,0,9.25,90,0.22,0.8,21.76663
C,500/45,500,40.42,0,9.25,90,0.24,0.8,24.31953
C,500/45,500,40.42,0,9.25,90,0.26,0.8,26.74521
C,500/45,500,40.42,0,9.25,90,0.28,0.8,28.96159
C,500/45,500,40.42,0,9.25,90,0.2,0.8,21.40384
C,500/45,500,40.42,0,9.25,90,0.22,0.8,23.97195
C,500/45,500,40.42,0,9.25,90,0.24,0.8,26.59288
C,500/45,500,40.42,0,9.25,90,0.26,0.8,29.07436
C,500/45,500,40.42,0,9.25,90,0.28,0.8,31.32939
C,500/45,500,40.42,0,9.25,90,0.2,0.8,19.51262
C,500/45,500,40.42,0,9.25,90,0.22,0.8,22.09178
C,500/45,500,40.42,0,9.25,90,0.24,0.8,24.64348
C,500/45,500,40.42,0,9.25,90,0.26,0.8,27.06336
C,500/45,500,40.42,0,9.25,90,0.28,0.8,29.2684
B,500/45,500,33.37,0,7.23,0,0.2,0.8,21.83262
B,500/45,500,33.37,0,7.23,0,0.22,0.8,24.26019
B,500/45,500,33.37,0,7.23,0,0.24,0.8,26.47667
B,500/45,500,33.37,0,7.23,0,0.26,0.8,28.41217
B,500/45,500,33.37,0,7.23,0,0.28,0.8,30.00014
B,500/45,500,33.37,0,7.23,0,0.2,0.8,22.8372
B,500/45,500,33.37,0,7.23,0,0.22,0.8,25.27293
B,500/45,500,33.37,0,7.23,0,0.24,0.8,27.48983
B,500/45,500,33.37,0,7.23,0,0.26,0.8,29.42078
B,500/45,500,33.37,0,7.23,0,0.28,0.8,31.0717
B,500/45,500,33.37,0,7.23,0,0.2,0.8,22.35223
B,500/45,500,33.37,0,7.23,0,0.22,0.8,24.7841
B,500/45,500,33.37,0,7.23,0,0.24,0.8,27.00087
B,500/45,500,33.37,0,7.23,0,0.26,0.8,28.93386
B,500/45,500,33.37,0,7.23,0,0.28,0.8,30.52626
B,500/45,500,33.37,0,9.25,0,0.2,0.8,22.96605
B,500/45,500,33.37,0,9.25,0,0.22,0.8,25.68667
B,500/45,500,33.37,0,9.25,0,0.24,0.8,28.27259
B,500/45,500,33.37,0,9.25,0,0.26,0.8,30.84915
B,500/45,500,33.37,0,9.25,0,0.28,0.8,33.25123
B,500/45,500,33.37,0,9.25,0,0.2,0.8,25.57008
B,500/45,500,33.37,0,9.25,0,0.22,0.8,28.32784
B,500/45,500,33.37,0,9.25,0,0.24,0.8,30.9361
B,500/45,500,33.37,0,9.25,0,0.26,0.8,33.65273
B,500/45,500,33.37,0,9.25,0,0.28,0.8,36.09324
B,500/45,500,33.37,0,9.25,0,0.2,0.8,24.31325
B,500/45,500,33.37,0,9.25,0,0.22,0.8,27.05299
B,500/45,500,33.37,0,9.25,0,0.24,0.8,29.65045
B,500/45,500,33.37,0,9.25,0,0.26,0.8,32.29849
B,500/45,500,33.37,0,9.25,0,0.28,0.8,34.72123
A,500/45,500,40.42,0,7.23,0,0.2,0.8,19.13331
A,500/45,500,40.42,0,7.23,0,0.22,0.8,21.82799
A,500/45,500,40.42,0,7.23,0,0.24,0.8,24.49985
A,500/45,500,40.42,0,7.23,0,0.26,0.8,27.05207
A,500/45,500,40.42,0,7.23,0,0.28,0.8,29.39717
A,500/45,500,40.42,0,7.23,0,0.2,0.8,19.94693
A,500/45,500,40.42,0,7.23,0,0.22,0.8,22.68457
A,500/45,500,40.42,0,7.23,0,0.24,0.8,25.38001
A,500/45,500,40.42,0,7.23,0,0.26,0.8,27.95107
A,500/45,500,40.42,0,7.23,0,0.28,0.8,30.30878
A,500/45,500,40.42,0,7.23,0,0.2,0.8,19.54665
A,500/45,500,40.42,0,7.23,0,0.22,0.8,22.27123
A,500/45,500,40.42,0,7.23,0,0.24,0.8,24.95531
A,500/45,500,40.42,0,7.23,0,0.26,0.8,27.51728
A,500/45,500,40.42,0,7.23,0,0.28,0.8,29.86893
A,500/45,500,40.42,0,9.25,0,0.2,0.8,19.563
A,500/45,500,40.42,0,9.25,0,0.22,0.8,22.42284
A,500/45,500,40.42,0,9.25,0,0.24,0.8,25.29217
A,500/45,500,40.42,0,9.25,0,0.26,0.8,28.10411
A,500/45,500,40.42,0,9.25,0,0.28,0.8,30.78691
A,500/45,500,40.42,0,9.25,0,0.2,0.8,20.38094
A,500/45,500,40.42,0,9.25,0,0.22,0.8,23.26538
A,500/45,500,40.42,0,9.25,0,0.24,0.8,26.15642
A,500/45,500,40.42,0,9.25,0,0.26,0.8,28.98671
A,500/45,500,40.42,0,9.25,0,0.28,0.8,31.68333
A,500/45,500,40.42,0,9.25,0,0.2,0.8,19.98643
A,500/45,500,40.42,0,9.25,0,0.22,0.8,22.85901
A,500/45,500,40.42,0,9.25,0,0.24,0.8,25.73962
A,500/45,500,40.42,0,9.25,0,0.26,0.8,28.56103
A,500/45,500,40.42,0,9.25,0,0.28,0.8,31.25107
C,500/45,400,40.42,0,9.25,60,0.2,0.8,13.56529
C,500/45,400,40.42,0,9.25,60,0.22,0.8,15.47334
C,500/45,400,40.42,0,9.25,60,0.24,0.8,17.41936
C,500/45,400,40.42,0,9.25,60,0.26,0.8,19.37792
C,500/45,400,40.42,0,9.25,60,0.28,0.8,21.37539
C,500/45,400,40.42,0,9.25,60,0.2,0.8,14.05841
C,500/45,400,40.42,0,9.25,60,0.22,0.8,15.97267
C,500/45,400,40.42,0,9.25,60,0.24,0.8,17.92386
C,500/45,400,40.42,0,9.25,60,0.26,0.8,19.88689
C,500/45,400,40.42,0,9.25,60,0.28,0.8,21.8884
C,500/45,400,40.42,0,9.25,60,0.2,0.8,13.82063
C,500/45,400,40.42,0,9.25,60,0.22,0.8,15.73193
C,500/45,400,40.42,0,9.25,60,0.24,0.8,17.68065
C,500/45,400,40.42,0,9.25,60,0.26,0.8,19.64159
C,500/45,400,40.42,0,9.25,60,0.28,0.8,21.64103
C,500/45,400,40.42,0,9.25,60,0.2,0.8,13.60802
C,500/45,400,40.42,0,9.25,60,0.22,0.8,15.51687
C,500/45,400,40.42,0,9.25,60,0.24,0.8,17.46396
C,500/45,400,40.42,0,9.25,60,0.26,0.8,19.42393
C,500/45,400,40.42,0,9.25,60,0.28,0.8,21.409
C,500/45,400,40.42,0,9.25,60,0.2,0.8,15.00336
C,500/45,400,40.42,0,9.25,60,0.22,0.8,16.93183
C,500/45,400,40.42,0,9.25,60,0.24,0.8,18.89636
C,500/45,400,40.42,0,9.25,60,0.26,0.8,20.87123
C,500/45,400,40.42,0,9.25,60,0.28,0.8,22.82891
C,500/45,400,40.42,0,9.25,60,0.2,0.8,14.33127
C,500/45,400,40.42,0,9.25,60,0.22,0.8,16.2506
C,500/45,400,40.42,0,9.25,60,0.24,0.8,18.20683
C,500/45,400,40.42,0,9.25,60,0.26,0.8,20.17476
C,500/45,400,40.42,0,9.25,60,0.28,0.8,22.1267
B,500/45,400,40.42,0,7.23,0,0.2,0.8,13.48286
B,500/45,400,40.42,0,7.23,0,0.22,0.8,15.36656
B,500/45,400,40.42,0,7.23,0,0.24,0.8,17.28223
B,500/45,400,40.42,0,7.23,0,0.26,0.8,19.20314
B,500/45,400,40.42,0,7.23,0,0.28,0.8,21.16942
B,500/45,400,40.42,0,7.23,0,0.2,0.8,13.97803
B,500/45,400,40.42,0,7.23,0,0.22,0.8,15.86871
B,500/45,400,40.42,0,7.23,0,0.24,0.8,17.79058
B,500/45,400,40.42,0,7.23,0,0.26,0.8,19.7164
B,500/45,400,40.42,0,7.23,0,0.28,0.8,21.69214
B,500/45,400,40.42,0,7.23,0,0.2,0.8,13.73937
B,500/45,400,40.42,0,7.23,0,0.22,0.8,15.62664
B,500/45,400,40.42,0,7.23,0,0.24,0.8,17.54559
B,500/45,400,40.42,0,7.23,0,0.26,0.8,19.46908
B,500/45,400,40.42,0,7.23,0,0.28,0.8,21.44032
B,500/45,400,40.42,0,9.25,0,0.2,0.8,13.69545
B,500/45,400,40.42,0,9.25,0,0.22,0.8,15.61914
B,500/45,400,40.42,0,9.25,0,0.24,0.8,17.58651
B,500/45,400,40.42,0,9.25,0,0.26,0.8,19.57337
B,500/45,400,40.42,0,9.25,0,0.28,0.8,21.58485
B,500/45,400,40.42,0,9.25,0,0.2,0.8,15.07777
B,500/45,400,40.42,0,9.25,0,0.22,0.8,17.0202
B,500/45,400,40.42,0,9.25,0,0.24,0.8,19.00388
B,500/45,400,40.42,0,9.25,0,0.26,0.8,21.0045
B,500/45,400,40.42,0,9.25,0,0.28,0.8,22.99581
B,500/45,400,40.42,0,9.25,0,0.2,0.8,14.41352
B,500/45,400,40.42,0,9.25,0,0.22,0.8,16.34696
B,500/45,400,40.42,0,9.25,0,0.24,0.8,18.3227
B,500/45,400,40.42,0,9.25,0,0.26,0.8,20.31672
B,500/45,400,40.42,0,9.25,0,0.28,0.8,22.30271
C,500/45,400,40.42,0,9.25,90,0.2,0.8,13.45191
C,500/45,400,40.42,0,9.25,90,0.22,0.8,15.32757
C,500/45,400,40.42,0,9.25,90,0.24,0.8,17.23249
C,500/45,400,40.42,0,9.25,90,0.26,0.8,19.13904
C,500/45,400,40.42,0,9.25,90,0.28,0.8,21.09833
C,500/45,400,40.42,0,9.25,90,0.2,0.8,13.94881
C,500/45,400,40.42,0,9.25,90,0.22,0.8,15.83159
C,500/45,400,40.42,0,9.25,90,0.24,0.8,17.74272
C,500/45,400,40.42,0,9.25,90,0.26,0.8,19.65453
C,500/45,400,40.42,0,9.25,90,0.28,0.8,21.62574
C,500/45,400,40.42,0,9.25,90,0.2,0.8,13.70919
C,500/45,400,40.42,0,9.25,90,0.22,0.8,15.58855
C,500/45,400,40.42,0,9.25,90,0.24,0.8,17.49667
C,500/45,400,40.42,0,9.25,90,0.26,0.8,19.40605
C,500/45,400,40.42,0,9.25,90,0.28,0.8,21.3714
C,500/45,400,40.42,0,9.25,90,0.2,0.8,13.49734
C,500/45,400,40.42,0,9.25,90,0.22,0.8,15.37407
C,500/45,400,40.42,0,9.25,90,0.24,0.8,17.28044
C,500/45,400,40.42,0,9.25,90,0.26,0.8,19.18896
C,500/45,400,40.42,0,9.25,90,0.28,0.8,21.13739
C,500/45,400,40.42,0,9.25,90,0.2,0.8,14.90479
C,500/45,400,40.42,0,9.25,90,0.22,0.8,16.80424
C,500/45,400,40.42,0,9.25,90,0.24,0.8,18.731
C,500/45,400,40.42,0,9.25,90,0.26,0.8,20.65723
C,500/45,400,40.42,0,9.25,90,0.28,0.8,22.55256
C,500/45,400,40.42,0,9.25,90,0.2,0.8,13.70919
C,500/45,400,40.42,0,9.25,90,0.22,0.8,15.58855
C,500/45,400,40.42,0,9.25,90,0.24,0.8,17.49667
C,500/45,400,40.42,0,9.25,90,0.26,0.8,19.40605
C,500/45,400,33.37,0,9.25,90,0.28,0.8,21.3714
B,500/45,400,33.37,0,7.23,0,0.2,0.8,13.48286
B,500/45,400,33.37,0,7.23,0,0.22,0.8,15.36656
B,500/45,400,33.37,0,7.23,0,0.24,0.8,17.28223
B,500/45,400,33.37,0,7.23,0,0.26,0.8,19.20314
B,500/45,400,33.37,0,7.23,0,0.28,0.8,21.16942
B,500/45,400,33.37,0,7.23,0,0.2,0.8,13.97803
B,500/45,400,33.37,0,7.23,0,0.22,0.8,15.86871
B,500/45,400,33.37,0,7.23,0,0.24,0.8,17.79058
B,500/45,400,33.37,0,7.23,0,0.26,0.8,19.7164
B,500/45,400,33.37,0,7.23,0,0.28,0.8,21.69214
B,500/45,400,33.37,0,7.23,0,0.2,0.8,13.73937
B,500/45,400,33.37,0,7.23,0,0.22,0.8,15.62664
B,500/45,400,33.37,0,7.23,0,0.24,0.8,17.54559
B,500/45,400,33.37,0,7.23,0,0.26,0.8,19.46908
B,500/45,400,33.37,0,7.23,0,0.28,0.8,21.44032
B,500/45,400,33.37,0,9.25,0,0.2,0.8,13.69545
B,500/45,400,33.37,0,9.25,0,0.22,0.8,15.61914
B,500/45,400,33.37,0,9.25,0,0.24,0.8,17.58651
B,500/45,400,33.37,0,9.25,0,0.26,0.8,19.57337
B,500/45,400,33.37,0,9.25,0,0.28,0.8,21.58485
B,500/45,400,33.37,0,9.25,0,0.2,0.8,15.07777
B,500/45,400,33.37,0,9.25,0,0.22,0.8,17.0202
B,500/45,400,33.37,0,9.25,0,0.24,0.8,19.00388
B,500/45,400,33.37,0,9.25,0,0.26,0.8,21.0045
B,500/45,400,33.37,0,9.25,0,0.28,0.8,22.99581
B,500/45,400,33.37,0,9.25,0,0.2,0.8,14.41352
B,500/45,400,33.37,0,9.25,0,0.22,0.8,16.34696
B,500/45,400,33.37,0,9.25,0,0.24,0.8,18.3227
B,500/45,400,33.37,0,9.25,0,0.26,0.8,20.31672
B,500/45,400,40.42,0,9.25,0,0.28,0.8,22.30271
A,500/45,400,40.42,0,7.23,0,0.2,0.8,13.40009
A,500/45,400,40.42,0,7.23,0,0.22,0.8,15.33929
A,500/45,400,40.42,0,7.23,0,0.24,0.8,17.31574
A,500/45,400,40.42,0,7.23,0,0.26,0.8,19.29936
A,500/45,400,40.42,0,7.23,0,0.28,0.8,21.41302
A,500/45,400,40.42,0,7.23,0,0.2,0.8,13.89115
A,500/45,400,40.42,0,7.23,0,0.22,0.8,15.83944
A,500/45,400,40.42,0,7.23,0,0.24,0.8,17.8239
A,500/45,400,40.42,0,7.23,0,0.26,0.8,19.8144
A,500/45,400,40.42,0,7.23,0,0.28,0.8,21.94116
A,500/45,400,40.42,0,7.23,0,0.2,0.8,13.65448
A,500/45,400,40.42,0,7.23,0,0.22,0.8,15.59837
A,500/45,400,40.42,0,7.23,0,0.24,0.8,17.57891
A,500/45,400,40.42,0,7.23,0,0.26,0.8,19.56607
A,500/45,400,40.42,0,7.23,0,0.28,0.8,21.68668
A,500/45,400,40.42,0,9.25,0,0.2,0.8,13.53572
A,500/45,400,40.42,0,9.25,0,0.22,0.8,15.51599
A,500/45,400,40.42,0,9.25,0,0.24,0.8,17.54487
A,500/45,400,40.42,0,9.25,0,0.26,0.8,19.59518
A,500/45,400,40.42,0,9.25,0,0.28,0.8,21.76459
A,500/45,400,40.42,0,9.25,0,0.2,0.8,14.02188
A,500/45,400,40.42,0,9.25,0,0.22,0.8,16.01008
A,500/45,400,40.42,0,9.25,0,0.24,0.8,18.04578
A,500/45,400,40.42,0,9.25,0,0.26,0.8,20.10174
A,500/45,400,40.42,0,9.25,0,0.28,0.8,22.27422
A,500/45,400,40.42,0,9.25,0,0.2,0.8,13.78765
A,500/45,400,40.42,0,9.25,0,0.22,0.8,15.77203
A,500/45,400,40.42,0,9.25,0,0.24,0.8,17.80439
A,500/45,400,40.42,0,9.25,0,0.26,0.8,19.85769
A,500/45,400,40.42,0,9.25,0,0.28,0.8,22.02871
C,400/20,400,40.42,0,9.25,60,0.2,0.8,14.29269
C,400/20,400,40.42,0,9.25,60,0.22,0.8,16.41768
C,400/20,400,40.42,0,9.25,60,0.24,0.8,18.5931
C,400/20,400,40.42,0,9.25,60,0.26,0.8,20.78436
C,400/20,400,40.42,0,9.25,60,0.28,0.8,22.9536
C,400/20,400,40.42,0,9.25,60,0.2,0.8,14.78363
C,400/20,400,40.42,0,9.25,60,0.22,0.8,16.91757
C,400/20,400,40.42,0,9.25,60,0.24,0.8,19.10127
C,400/20,400,40.42,0,9.25,60,0.26,0.8,21.29997
C,400/20,400,40.42,0,9.25,60,0.28,0.8,23.47556
C,400/20,400,40.42,0,9.25,60,0.2,0.8,14.54697
C,400/20,400,40.42,0,9.25,60,0.22,0.8,16.67667
C,400/20,400,40.42,0,9.25,60,0.24,0.8,18.85631
C,400/20,400,40.42,0,9.25,60,0.26,0.8,21.05156
C,400/20,400,40.42,0,9.25,60,0.28,0.8,23.22391
C,400/20,400,40.42,0,9.25,60,0.2,0.8,14.3315
C,400/20,400,40.42,0,9.25,60,0.22,0.8,16.45804
C,400/20,400,40.42,0,9.25,60,0.24,0.8,18.63539
C,400/20,400,40.42,0,9.25,60,0.26,0.8,20.82917
C,400/20,400,40.42,0,9.25,60,0.28,0.8,23.00097
C,400/20,400,40.42,0,9.25,60,0.2,0.8,15.70945
C,400/20,400,40.42,0,9.25,60,0.22,0.8,17.86449
C,400/20,400,40.42,0,9.25,60,0.24,0.8,20.06851
C,400/20,400,40.42,0,9.25,60,0.26,0.8,22.28672
C,400/20,400,40.42,0,9.25,60,0.28,0.8,24.48021
C,400/20,400,40.42,0,9.25,60,0.2,0.8,15.04634
C,400/20,400,40.42,0,9.25,60,0.22,0.8,17.18803
C,400/20,400,40.42,0,9.25,60,0.24,0.8,19.37945
C,400/20,400,40.42,0,9.25,60,0.26,0.8,21.58594
C,400/20,400,40.42,0,9.25,60,0.28,0.8,23.769
B,400/20,400,40.42,0,7.23,0,0.2,0.8,14.21777
B,400/20,400,40.42,0,7.23,0,0.22,0.8,16.31798
B,400/20,400,40.42,0,7.23,0,0.24,0.8,18.46089
B,400/20,400,40.42,0,7.23,0,0.26,0.8,20.61027
B,400/20,400,40.42,0,7.23,0,0.28,0.8,22.72457
B,400/20,400,40.42,0,7.23,0,0.2,0.8,14.71185
B,400/20,400,40.42,0,7.23,0,0.22,0.8,16.82206
B,400/20,400,40.42,0,7.23,0,0.24,0.8,18.97461
B,400/20,400,40.42,0,7.23,0,0.26,0.8,21.13236
B,400/20,400,40.42,0,7.23,0,0.28,0.8,23.2545
B,400/20,400,40.42,0,7.23,0,0.2,0.8,14.47382
B,400/20,400,40.42,0,7.23,0,0.22,0.8,16.5792
B,400/20,400,40.42,0,7.23,0,0.24,0.8,18.72706
B,400/20,400,40.42,0,7.23,0,0.26,0.8,20.88081
B,400/20,400,40.42,0,7.23,0,0.28,0.8,22.9989
B,400/20,400,40.42,0,9.25,0,0.2,0.8,14.41561
B,400/20,400,40.42,0,9.25,0,0.22,0.8,16.55498
B,400/20,400,40.42,0,9.25,0,0.24,0.8,18.75165
B,400/20,400,40.42,0,9.25,0,0.26,0.8,20.97316
B,400/20,400,40.42,0,9.25,0,0.28,0.8,23.18305
B,400/20,400,40.42,0,9.25,0,0.2,0.8,15.77639
B,400/20,400,40.42,0,9.25,0,0.22,0.8,17.94312
B,400/20,400,40.42,0,9.25,0,0.24,0.8,20.16498
B,400/20,400,40.42,0,9.25,0,0.26,0.8,22.40917
B,400/20,400,40.42,0,9.25,0,0.28,0.8,24.63903
B,400/20,400,40.42,0,9.25,0,0.2,0.8,15.12353
B,400/20,400,40.42,0,9.25,0,0.22,0.8,17.27699
B,400/20,400,40.42,0,9.25,0,0.24,0.8,19.48675
B,400/20,400,40.42,0,9.25,0,0.26,0.8,21.71983
B,400/20,400,40.42,0,9.25,0,0.28,0.8,23.9399
C,400/20,400,40.42,0,9.25,90,0.2,0.8,12.1386
C,400/20,400,40.42,0,9.25,90,0.22,0.8,13.93439
C,400/20,400,40.42,0,9.25,90,0.24,0.8,15.9552
C,400/20,400,40.42,0,9.25,90,0.26,0.8,18.03571
C,400/20,400,40.42,0,9.25,90,0.28,0.8,20.14379
C,400/20,400,40.42,0,9.25,90,0.2,0.8,12.5846
C,400/20,400,40.42,0,9.25,90,0.22,0.8,14.35851
C,400/20,400,40.42,0,9.25,90,0.24,0.8,16.38988
C,400/20,400,40.42,0,9.25,90,0.26,0.8,18.48067
C,400/20,400,40.42,0,9.25,90,0.28,0.8,20.59861
C,400/20,400,40.42,0,9.25,90,0.2,0.8,12.36948
C,400/20,400,40.42,0,9.25,90,0.22,0.8,14.15406
C,400/20,400,40.42,0,9.25,90,0.24,0.8,16.18038
C,400/20,400,40.42,0,9.25,90,0.26,0.8,18.26618
C,400/20,400,40.42,0,9.25,90,0.28,0.8,20.37936
C,400/20,400,40.42,0,9.25,90,0.2,0.8,12.1734
C,400/20,400,40.42,0,9.25,90,0.22,0.8,13.96071
C,400/20,400,40.42,0,9.25,90,0.24,0.8,15.98319
C,400/20,400,40.42,0,9.25,90,0.26,0.8,18.06573
C,400/20,400,40.42,0,9.25,90,0.28,0.8,20.17622
C,400/20,400,40.42,0,9.25,90,0.2,0.8,13.51612
C,400/20,400,40.42,0,9.25,90,0.22,0.8,15.23496
C,400/20,400,40.42,0,9.25,90,0.24,0.8,17.19937
C,400/20,400,40.42,0,9.25,90,0.26,0.8,19.31455
C,400/20,400,40.42,0,9.25,90,0.28,0.8,21.45682
C,400/20,400,40.42,0,9.25,90,0.2,0.8,12.36948
C,400/20,400,40.42,0,9.25,90,0.22,0.8,14.15406
C,400/20,400,40.42,0,9.25,90,0.24,0.8,16.18038
C,400/20,400,40.42,0,9.25,90,0.26,0.8,18.26618
C,400/20,400,40.42,0,9.25,90,0.28,0.8,20.37936
B,400/20,400,33.37,0,7.23,0,0.2,0.8,12.15746
B,400/20,400,33.37,0,7.23,0,0.22,0.8,13.95341
B,400/20,400,33.37,0,7.23,0,0.24,0.8,15.97927
B,400/20,400,33.37,0,7.23,0,0.26,0.8,18.067
B,400/20,400,33.37,0,7.23,0,0.28,0.8,20.18542
B,400/20,400,33.37,0,7.23,0,0.2,0.8,12.60248
B,400/20,400,33.37,0,7.23,0,0.22,0.8,14.37542
B,400/20,400,33.37,0,7.23,0,0.24,0.8,16.41168
B,400/20,400,33.37,0,7.23,0,0.26,0.8,18.50947
B,400/20,400,33.37,0,7.23,0,0.28,0.8,20.63732
B,400/20,400,33.37,0,7.23,0,0.2,0.8,12.38791
B,400/20,400,33.37,0,7.23,0,0.22,0.8,14.17216
B,400/20,400,33.37,0,7.23,0,0.24,0.8,16.2034
B,400/20,400,33.37,0,7.23,0,0.26,0.8,18.29634
B,400/20,400,33.37,0,7.23,0,0.28,0.8,20.41971
B,400/20,400,33.37,0,9.25,0,0.2,0.8,12.2811
B,400/20,400,33.37,0,9.25,0,0.22,0.8,14.10192
B,400/20,400,33.37,0,9.25,0,0.24,0.8,16.15424
B,400/20,400,33.37,0,9.25,0,0.26,0.8,18.27929
B,400/20,400,33.37,0,9.25,0,0.28,0.8,20.44945
B,400/20,400,33.37,0,9.25,0,0.2,0.8,13.61007
B,400/20,400,33.37,0,9.25,0,0.22,0.8,15.35581
B,400/20,400,33.37,0,9.25,0,0.24,0.8,17.33257
B,400/20,400,33.37,0,9.25,0,0.26,0.8,19.48465
B,400/20,400,33.37,0,9.25,0,0.28,0.8,21.68029
B,400/20,400,33.37,0,9.25,0,0.2,0.8,12.96989
B,400/20,400,33.37,0,9.25,0,0.22,0.8,14.71365
B,400/20,400,33.37,0,9.25,0,0.24,0.8,16.76759
B,400/20,400,33.37,0,9.25,0,0.26,0.8,18.9066
B,400/20,400,33.37,0,9.25,0,0.28,0.8,21.0898
